,DATE,MonthID,S&P,S&P_detrended,Unemp,Unemp_detrended,Food&Beverage,Food&Beverage_detrended,GDP,GDP_detrended,Income,Income_detrended
0,1967-02-01,23606,86.779999,0.16999800000000675,3.8,-0.10000000000000009,34.7,-0.09999999999999432,4536.517333333333,,3170.2,6.199999999999818
1,1967-03-01,23607,90.199997,3.4199979999999925,3.8,0.0,34.7,0.0,4537.443666666666,0.9263333333328774,3194.0,23.800000000000182
2,1967-04-01,23608,94.010002,3.810005000000004,3.8,0.0,34.6,-0.10000000000000142,4538.37,0.9263333333337869,3193.0,-1.0
3,1967-05-01,23609,89.08000200000001,-4.929999999999993,3.8,0.0,34.6,0.0,4552.683,14.313000000000102,3199.5,6.5
4,1967-06-01,23610,90.639999,1.5599969999999956,3.9,0.10000000000000009,34.9,0.29999999999999716,4566.996,14.313000000000102,3211.3,11.800000000000182
5,1967-07-01,23611,94.75,4.110000999999997,3.8,-0.10000000000000009,35.0,0.10000000000000142,4581.309,14.313000000000102,3224.1,12.799999999999727
6,1967-08-01,23612,93.639999,-1.110000999999997,3.8,0.0,35.2,0.20000000000000284,4592.823666666667,11.514666666666926,3235.7,11.599999999999909
7,1967-09-01,23613,96.709999,3.069999999999993,3.8,0.0,35.2,0.0,4604.338333333333,11.514666666666017,3235.3,-0.3999999999996362
8,1967-10-01,23614,93.300003,-3.4099959999999925,4.0,0.20000000000000018,35.3,0.09999999999999432,4615.853,11.514666666666926,3240.3,5.0
9,1967-11-01,23615,94.0,0.6999969999999962,3.9,-0.10000000000000009,35.4,0.10000000000000142,4647.233,31.38000000000011,3259.9,19.59999999999991
10,1967-12-01,23616,96.470001,2.4700009999999963,3.8,-0.10000000000000009,35.5,0.10000000000000142,4678.612999999999,31.3799999999992,3265.8,5.900000000000091
11,1968-01-01,23617,92.239998,-4.230002999999996,3.7,-0.09999999999999964,35.5,0.0,4709.9929999999995,31.38000000000011,3283.3,17.5
12,1968-02-01,23618,89.360001,-2.879997000000003,3.8,0.09999999999999964,35.7,0.20000000000000284,4736.224666666666,26.23166666666657,3307.1,23.799999999999727
13,1968-03-01,23619,90.199997,0.8399959999999993,3.7,-0.09999999999999964,35.8,0.09999999999999432,4762.4563333333335,26.23166666666748,3338.2,31.09999999999991
14,1968-04-01,23620,97.459999,7.260002,3.5,-0.20000000000000018,36.0,0.20000000000000284,4788.688,26.23166666666657,3349.9,11.700000000000273
15,1968-05-01,23621,98.68,1.2200010000000105,3.5,0.0,36.1,0.10000000000000142,4801.058333333333,12.370333333333292,3363.5,13.599999999999909
16,1968-06-01,23622,99.58000200000001,0.9000020000000006,3.7,0.20000000000000018,36.1,0.0,4813.428666666667,12.370333333333292,3378.7,15.199999999999818
17,1968-07-01,23623,97.739998,-1.8400040000000075,3.7,0.0,36.2,0.10000000000000142,4825.799,12.370333333333292,3371.8,-6.899999999999636
18,1968-08-01,23624,98.860001,1.120002999999997,3.5,-0.20000000000000018,36.3,0.09999999999999432,4832.125666666667,6.326666666666824,3376.1,4.299999999999727
19,1968-09-01,23625,102.66999799999999,3.8099969999999956,3.4,-0.10000000000000009,36.5,0.20000000000000284,4838.452333333334,6.326666666666824,3376.5,0.40000000000009095
20,1968-10-01,23626,103.410004,0.7400060000000082,3.4,0.0,36.8,0.29999999999999716,4844.779,6.326666666666824,3388.5,12.0
21,1968-11-01,23627,108.370003,4.959998999999996,3.4,0.0,36.8,0.0,4870.0543333333335,25.275333333333037,3401.2,12.699999999999818
22,1968-12-01,23628,103.860001,-4.510002,3.4,0.0,37.0,0.20000000000000284,4895.3296666666665,25.275333333333037,3412.9,11.700000000000273
23,1969-01-01,23629,103.010002,-0.8499989999999968,3.4,0.0,37.0,0.0,4920.605,25.275333333333037,3406.8,-6.099999999999909
24,1969-02-01,23630,98.129997,-4.880004999999997,3.4,0.0,37.0,0.0,4925.591333333333,4.9863333333332776,3407.5,0.6999999999998181
25,1969-03-01,23631,101.510002,3.380004999999997,3.4,0.0,37.1,0.10000000000000142,4930.577666666667,4.986333333334187,3413.6,6.099999999999909
26,1969-04-01,23632,103.690002,2.180000000000007,3.4,0.0,37.4,0.29999999999999716,4935.564,4.9863333333332776,3408.6,-5.0
27,1969-05-01,23633,103.459999,-0.23000300000001062,3.4,0.0,37.6,0.20000000000000284,4946.430666666667,10.866666666666788,3447.4,38.80000000000018
28,1969-06-01,23634,97.709999,-5.75,3.5,0.10000000000000009,38.0,0.3999999999999986,4957.297333333334,10.866666666666788,3471.8,24.40000000000009
29,1969-07-01,23635,91.83000200000001,-5.879996999999989,3.5,0.0,38.2,0.20000000000000284,4968.164000000001,10.866666666666788,3496.0,24.199999999999818
30,1969-08-01,23636,95.510002,3.6799999999999926,3.5,0.0,38.4,0.19999999999999574,4960.087666666667,-8.076333333333423,3517.4,21.40000000000009
31,1969-09-01,23637,93.120003,-2.389999000000003,3.7,0.20000000000000018,38.6,0.20000000000000284,4952.011333333334,-8.076333333333423,3525.2,7.799999999999727
32,1969-10-01,23638,97.120003,4.0,3.7,0.0,38.7,0.10000000000000142,4943.935,-8.076333333333423,3533.5,8.300000000000182
33,1969-11-01,23639,93.809998,-3.310005000000004,3.5,-0.20000000000000018,39.1,0.3999999999999986,4941.488,-2.4470000000001164,3539.6,6.099999999999909
34,1969-12-01,23640,92.059998,-1.75,3.5,0.0,39.5,0.3999999999999986,4939.041,-2.4470000000001164,3546.0,6.400000000000091
35,1970-01-01,23641,85.019997,-7.0400009999999895,3.9,0.3999999999999999,39.6,0.10000000000000142,4936.594,-2.4470000000001164,3564.8,18.800000000000182
36,1970-02-01,23642,89.5,4.480002999999996,4.2,0.30000000000000027,39.8,0.19999999999999574,4938.9293333333335,2.3353333333334376,3576.1,11.299999999999727
37,1970-03-01,23643,89.629997,0.12999700000000303,4.4,0.20000000000000018,39.8,0.0,4941.264666666667,2.3353333333334376,3589.8,13.700000000000273
38,1970-04-01,23644,81.519997,-8.11,4.6,0.1999999999999993,39.9,0.10000000000000142,4943.6,2.3353333333334376,3628.4,38.59999999999991
39,1970-05-01,23645,76.550003,-4.969994,4.8,0.20000000000000018,40.1,0.20000000000000284,4958.7863333333335,15.186333333333096,3613.7,-14.700000000000273
40,1970-06-01,23646,72.720001,-3.8300020000000075,4.9,0.10000000000000053,40.1,0.0,4973.9726666666675,15.186333333334005,3621.1,7.400000000000091
41,1970-07-01,23647,78.050003,5.3300020000000075,5.0,0.09999999999999964,40.2,0.10000000000000142,4989.159000000001,15.186333333333096,3672.4,51.30000000000018
42,1970-08-01,23648,81.519997,3.469994,5.1,0.09999999999999964,40.2,0.0,4971.337,-17.822000000000116,3684.2,11.799999999999727
43,1970-09-01,23649,84.300003,2.780006,5.4,0.3000000000000007,40.4,0.19999999999999574,4953.515,-17.822000000000116,3680.2,-4.0
44,1970-10-01,23650,83.25,-1.0500030000000038,5.5,0.09999999999999964,40.5,0.10000000000000142,4935.693,-17.822000000000116,3668.2,-12.0
45,1970-11-01,23651,87.199997,3.949996999999996,5.9,0.40000000000000036,40.4,-0.10000000000000142,4980.377333333334,44.6843333333336,3662.7,-5.5
46,1970-12-01,23652,92.150002,4.950005000000004,6.1,0.1999999999999993,40.5,0.10000000000000142,5025.0616666666665,44.68433333333269,3679.4,16.700000000000273
47,1971-01-01,23653,95.879997,3.7299950000000024,5.9,-0.1999999999999993,40.5,0.0,5069.746,44.6843333333336,3735.8,56.40000000000009
48,1971-02-01,23654,96.75,0.870002999999997,5.9,0.0,40.5,0.0,5078.890333333334,9.144333333333634,3740.9,5.099999999999909
49,1971-03-01,23655,100.309998,3.559997999999993,6.0,0.09999999999999964,40.9,0.3999999999999986,5088.034666666666,9.144333333332725,3753.2,12.299999999999727
50,1971-04-01,23656,103.949997,3.639999000000003,5.9,-0.09999999999999964,41.1,0.20000000000000284,5097.179,9.144333333333634,3761.0,7.800000000000182
51,1971-05-01,23657,99.629997,-4.319999999999993,5.9,0.0,41.3,0.19999999999999574,5111.162,13.983000000000175,3776.2,15.199999999999818
52,1971-06-01,23658,98.699997,-0.9300000000000068,5.9,0.0,41.5,0.20000000000000284,5125.1449999999995,13.982999999999265,3856.1,79.90000000000009
53,1971-07-01,23659,95.58000200000001,-3.1199949999999887,6.0,0.09999999999999964,41.6,0.10000000000000142,5139.128,13.983000000000175,3801.2,-54.90000000000009
54,1971-08-01,23660,99.029999,3.449996999999996,6.1,0.09999999999999964,41.6,0.0,5143.1669999999995,4.03899999999976,3814.6,13.400000000000091
55,1971-09-01,23661,98.339996,-0.6900030000000044,6.0,-0.09999999999999964,41.6,0.0,5147.206,4.039000000000669,3837.2,22.59999999999991
56,1971-10-01,23662,94.230003,-4.109993000000003,5.8,-0.20000000000000018,41.7,0.10000000000000142,5151.245,4.03899999999976,3849.6,12.400000000000091
57,1971-11-01,23663,93.989998,-0.24000499999999647,6.0,0.20000000000000018,41.9,0.19999999999999574,5182.821333333333,31.576333333333423,3858.7,9.099999999999909
58,1971-12-01,23664,102.089996,8.099998,6.0,0.0,42.3,0.3999999999999986,5214.397666666667,31.576333333333423,3878.3,19.600000000000364
59,1972-01-01,23665,103.940002,1.8500060000000076,5.8,-0.20000000000000018,42.2,-0.09999999999999432,5245.974,31.576333333333423,3858.7,-19.600000000000364
60,1972-02-01,23666,106.57,2.6299979999999863,5.7,-0.09999999999999964,42.6,0.3999999999999986,5285.664333333333,39.690333333333,3882.4,23.700000000000273
61,1972-03-01,23667,107.199997,0.629997000000003,5.8,0.09999999999999964,42.6,0.0,5325.354666666667,39.69033333333391,3898.6,16.199999999999818
62,1972-04-01,23668,107.66999799999999,0.47000099999999634,5.7,-0.09999999999999964,42.6,0.0,5365.045,39.690333333333,3896.9,-1.699999999999818
63,1972-05-01,23669,109.529999,1.8600010000000111,5.7,0.0,42.7,0.10000000000000142,5381.934,16.889000000000124,3925.6,28.699999999999818
64,1972-06-01,23670,107.139999,-2.3900000000000006,5.7,0.0,42.8,0.09999999999999432,5398.822999999999,16.888999999999214,3938.0,12.400000000000091
65,1972-07-01,23671,107.389999,0.25,5.6,-0.10000000000000053,43.1,0.30000000000000426,5415.7119999999995,16.889000000000124,3966.7,28.699999999999818
66,1972-08-01,23672,111.089996,3.699996999999996,5.6,0.0,43.1,0.0,5445.94,30.228000000000065,4003.5,36.80000000000018
67,1972-09-01,23673,110.550003,-0.5399929999999955,5.5,-0.09999999999999964,43.5,0.3999999999999986,5476.168,30.228000000000065,4019.0,15.5
68,1972-10-01,23674,111.58000200000001,1.0299990000000037,5.6,0.09999999999999964,43.7,0.20000000000000284,5506.396,30.228000000000065,4119.9,100.89999999999964
69,1972-11-01,23675,116.66999799999999,5.089995999999985,5.3,-0.2999999999999998,43.9,0.19999999999999574,5551.820333333333,45.42433333333338,4165.6,45.70000000000073
70,1972-12-01,23676,118.050003,1.3800050000000113,5.2,-0.09999999999999964,44.1,0.20000000000000284,5597.2446666666665,45.42433333333338,4184.2,18.599999999999454
71,1973-01-01,23677,116.029999,-2.020004,4.9,-0.2999999999999998,44.8,0.6999999999999957,5642.669,45.42433333333338,4162.4,-21.800000000000182
72,1973-02-01,23678,111.68,-4.349998999999997,5.0,0.09999999999999964,45.5,0.7000000000000028,5663.145333333334,20.47633333333397,4193.3,30.900000000000546
73,1973-03-01,23679,111.519997,-0.16000300000000323,4.9,-0.09999999999999964,46.5,1.0,5683.621666666667,20.47633333333306,4208.6,15.300000000000182
74,1973-04-01,23680,106.970001,-4.549996000000007,5.0,0.09999999999999964,47.2,0.7000000000000028,5704.098000000001,20.47633333333397,4214.0,5.399999999999636
75,1973-05-01,23681,104.949997,-2.020004,4.9,-0.09999999999999964,47.8,0.5999999999999943,5694.098666666668,-9.999333333333198,4221.9,7.899999999999636
76,1973-06-01,23682,104.260002,-0.6899949999999961,4.9,0.0,48.3,0.5,5684.099333333334,-9.999333333334107,4234.4,12.5
77,1973-07-01,23683,108.220001,3.9599989999999963,4.8,-0.10000000000000053,48.4,0.10000000000000142,5674.1,-9.999333333333198,4244.5,10.100000000000364
78,1973-08-01,23684,104.25,-3.9700009999999963,4.8,0.0,50.9,2.5,5692.053333333333,17.95333333333292,4230.8,-13.699999999999818
79,1973-09-01,23685,108.43,4.180000000000007,4.8,0.0,50.9,0.0,5710.006666666667,17.95333333333383,4252.3,21.5
80,1973-10-01,23686,108.290001,-0.1399990000000031,4.6,-0.20000000000000018,51.2,0.30000000000000426,5727.96,17.95333333333292,4289.7,37.399999999999636
81,1973-11-01,23687,95.959999,-12.330002000000007,4.8,0.20000000000000018,51.8,0.5999999999999943,5711.544333333333,-16.415666666666766,4296.5,6.800000000000182
82,1973-12-01,23688,97.550003,1.5900040000000075,4.9,0.10000000000000053,52.3,0.5,5695.128666666667,-16.415666666665857,4280.6,-15.899999999999636
83,1974-01-01,23689,96.57,-0.9800030000000106,5.1,0.1999999999999993,52.9,0.6000000000000014,5678.713000000001,-16.415666666666766,4249.3,-31.300000000000182
84,1974-02-01,23690,96.220001,-0.34999899999999684,5.2,0.10000000000000053,54.0,1.1000000000000014,5683.212,4.498999999999796,4217.3,-32.0
85,1974-03-01,23691,93.980003,-2.239998,5.1,-0.10000000000000053,54.5,0.5,5687.711,4.498999999999796,4187.2,-30.100000000000364
86,1974-04-01,23692,90.309998,-3.6700050000000033,5.1,0.0,54.4,-0.10000000000000142,5692.21,4.498999999999796,4184.2,-3.0
87,1974-05-01,23693,87.279999,-3.0299989999999895,5.1,0.0,54.8,0.3999999999999986,5674.277,-17.932999999999993,4180.0,-4.199999999999818
88,1974-06-01,23694,86.0,-1.2799990000000037,5.4,0.3000000000000007,54.9,0.10000000000000142,5656.344,-17.932999999999993,4171.6,-8.399999999999636
89,1974-07-01,23695,79.309998,-6.690002000000007,5.5,0.09999999999999964,54.8,-0.10000000000000142,5638.411,-17.932999999999993,4187.6,16.0
90,1974-08-01,23696,72.150002,-7.1599959999999925,5.5,0.0,55.5,0.7000000000000028,5631.116,-7.295000000000073,4181.9,-5.700000000000728
91,1974-09-01,23697,63.540001000000004,-8.610000999999997,5.9,0.40000000000000036,56.6,1.1000000000000014,5623.821,-7.295000000000073,4177.5,-4.399999999999636
92,1974-10-01,23698,73.900002,10.360000999999997,6.0,0.09999999999999964,57.2,0.6000000000000014,5616.526,-7.295000000000073,4191.3,13.800000000000182
93,1974-11-01,23699,69.970001,-3.9300010000000043,6.6,0.5999999999999996,57.9,0.6999999999999957,5593.736,-22.789999999999964,4169.0,-22.300000000000182
94,1974-12-01,23700,68.559998,-1.4100030000000032,7.2,0.6000000000000005,58.6,0.7000000000000028,5570.946,-22.789999999999964,4169.7,0.6999999999998181
95,1975-01-01,23701,76.980003,8.420005000000003,8.1,0.8999999999999995,58.8,0.19999999999999574,5548.156,-22.789999999999964,4167.5,-2.199999999999818
96,1975-02-01,23702,81.589996,4.609993000000003,8.1,0.0,59.0,0.20000000000000284,5561.370666666667,13.214666666666744,4170.1,2.600000000000364
97,1975-03-01,23703,83.360001,1.7700049999999976,8.6,0.5,58.9,-0.10000000000000142,5574.585333333333,13.214666666666744,4173.9,3.7999999999992724
98,1975-04-01,23704,87.300003,3.940002000000007,8.8,0.20000000000000107,58.8,-0.10000000000000142,5587.8,13.214666666666744,4250.2,76.30000000000018
99,1975-05-01,23705,91.150002,3.849998999999997,9.0,0.1999999999999993,59.0,0.20000000000000284,5619.681333333334,31.881333333333714,4495.6,245.40000000000055
100,1975-06-01,23706,95.190002,4.040000000000006,8.8,-0.1999999999999993,59.6,0.6000000000000014,5651.562666666667,31.881333333332805,4344.4,-151.20000000000073
101,1975-07-01,23707,88.75,-6.440002000000007,8.6,-0.20000000000000107,60.6,1.0,5683.444,31.881333333333714,4277.4,-67.0
102,1975-08-01,23708,86.879997,-1.870002999999997,8.4,-0.1999999999999993,60.7,0.10000000000000142,5708.953333333334,25.509333333333416,4305.9,28.5
103,1975-09-01,23709,83.870003,-3.009994000000006,8.4,0.0,61.0,0.29999999999999716,5734.462666666666,25.509333333332506,4316.4,10.5
104,1975-10-01,23710,89.040001,5.169998000000007,8.4,0.0,61.6,0.6000000000000014,5759.972,25.509333333333416,4334.5,18.100000000000364
105,1975-11-01,23711,91.239998,2.199996999999996,8.3,-0.09999999999999964,62.0,0.3999999999999986,5803.148,43.176000000000386,4331.2,-3.300000000000182
106,1975-12-01,23712,90.190002,-1.049995999999993,8.2,-0.10000000000000142,62.3,0.29999999999999716,5846.324,43.175999999999476,4335.4,4.199999999999818
107,1976-01-01,23713,100.860001,10.66999899999999,7.9,-0.29999999999999893,62.2,-0.09999999999999432,5889.5,43.176000000000386,4363.5,28.100000000000364
108,1976-02-01,23714,99.709999,-1.1500020000000006,7.7,-0.20000000000000018,61.6,-0.6000000000000014,5903.903666666666,14.40366666666614,4390.5,27.0
109,1976-03-01,23715,102.769997,3.0599980000000073,7.6,-0.10000000000000053,61.3,-0.30000000000000426,5918.307333333333,14.40366666666705,4403.6,13.100000000000364
110,1976-04-01,23716,101.639999,-1.1299980000000005,7.7,0.10000000000000053,61.3,0.0,5932.710999999999,14.40366666666614,4409.3,5.699999999999818
111,1976-05-01,23717,100.18,-1.4599989999999963,7.4,-0.2999999999999998,61.6,0.30000000000000426,5943.562333333333,10.851333333333969,4409.4,0.0999999999994543
112,1976-06-01,23718,104.279999,4.099998999999997,7.6,0.1999999999999993,61.7,0.10000000000000142,5954.413666666666,10.85133333333306,4413.7,4.300000000000182
113,1976-07-01,23719,103.440002,-0.8399969999999968,7.8,0.20000000000000018,62.0,0.29999999999999716,5965.265,10.851333333333969,4438.9,25.199999999999818
114,1976-08-01,23720,102.910004,-0.5299980000000062,7.8,0.0,62.2,0.20000000000000284,5979.678,14.412999999999556,4447.9,9.0
115,1976-09-01,23721,105.239998,2.3299939999999992,7.6,-0.20000000000000018,62.5,0.29999999999999716,5994.091,14.413000000000466,4448.9,1.0
116,1976-10-01,23722,102.900002,-2.3399959999999993,7.7,0.10000000000000053,62.8,0.29999999999999716,6008.504,14.412999999999556,4441.1,-7.799999999999272
117,1976-11-01,23723,102.099998,-0.8000040000000013,7.8,0.09999999999999964,62.8,0.0,6032.167333333334,23.663333333333867,4481.1,40.0
118,1976-12-01,23724,107.459999,5.360000999999997,7.8,0.0,62.9,0.10000000000000142,6055.830666666667,23.663333333332957,4498.2,17.099999999999454
119,1977-01-01,23725,102.029999,-5.429999999999993,7.5,-0.2999999999999998,63.1,0.20000000000000284,6079.494000000001,23.663333333333867,4489.2,-9.0
120,1977-02-01,23726,99.82,-2.2099990000000105,7.6,0.09999999999999964,64.2,1.1000000000000014,6118.891333333334,39.397333333333336,4449.5,-39.69999999999982
121,1977-03-01,23727,98.41999799999999,-1.4000020000000006,7.4,-0.1999999999999993,64.5,0.29999999999999716,6158.288666666666,39.397333333332426,4511.8,62.30000000000018
122,1977-04-01,23728,98.440002,0.020004000000014344,7.2,-0.20000000000000018,65.2,0.7000000000000028,6197.686,39.397333333333336,4518.7,6.899999999999636
123,1977-05-01,23729,96.120003,-2.31999900000001,7.0,-0.20000000000000018,65.5,0.29999999999999716,6234.9619999999995,37.27599999999984,4519.6,0.9000000000005457
124,1977-06-01,23730,100.480003,4.359999999999999,7.2,0.20000000000000018,65.9,0.4000000000000057,6272.238,37.27600000000075,4538.4,18.799999999999272
125,1977-07-01,23731,98.849998,-1.630004999999997,6.9,-0.2999999999999998,66.1,0.19999999999998863,6309.514,37.27599999999984,4567.7,29.300000000000182
126,1977-08-01,23732,96.769997,-2.0800009999999958,7.0,0.09999999999999964,66.4,0.30000000000001137,6309.5599999999995,0.04599999999936699,4586.3,18.600000000000364
127,1977-09-01,23733,96.529999,-0.23999799999999993,6.8,-0.20000000000000018,66.6,0.19999999999998863,6309.606,0.046000000000276486,4611.3,25.0
128,1977-10-01,23734,92.339996,-4.190003000000004,6.8,0.0,66.8,0.20000000000000284,6309.651999999999,0.04599999999936699,4644.9,33.599999999999454
129,1977-11-01,23735,94.83000200000001,2.490006000000008,6.8,0.0,67.4,0.6000000000000085,6316.365,6.713000000000648,4682.0,37.100000000000364
130,1977-12-01,23736,95.099998,0.2699959999999919,6.4,-0.39999999999999947,67.5,0.09999999999999432,6323.0779999999995,6.712999999999738,4701.6,19.600000000000364
131,1978-01-01,23737,89.25,-5.849997999999999,6.4,0.0,68.1,0.5999999999999943,6329.791,6.713000000000648,4681.3,-20.300000000000182
132,1978-02-01,23738,87.040001,-2.2099989999999963,6.3,-0.10000000000000053,68.8,0.7000000000000028,6411.3240000000005,81.53300000000036,4709.2,27.899999999999636
133,1978-03-01,23739,89.209999,2.1699979999999925,6.3,0.0,69.6,0.7999999999999972,6492.857,81.53299999999945,4748.3,39.100000000000364
134,1978-04-01,23740,96.83000200000001,7.620003000000011,6.1,-0.20000000000000018,70.7,1.1000000000000085,6574.39,81.53300000000036,4764.8,16.5
135,1978-05-01,23741,97.239998,0.4099959999999925,6.0,-0.09999999999999964,71.7,1.0,6596.425666666667,22.035666666666657,4761.7,-3.100000000000364
136,1978-06-01,23742,95.529999,-1.7099989999999963,5.9,-0.09999999999999964,72.8,1.0999999999999943,6618.461333333333,22.035666666665747,4762.0,0.3000000000001819
137,1978-07-01,23743,100.68,5.150001000000003,6.2,0.2999999999999998,73.1,0.29999999999999716,6640.496999999999,22.035666666666657,4785.8,23.800000000000182
138,1978-08-01,23744,103.290001,2.610000999999997,5.9,-0.2999999999999998,73.4,0.30000000000001137,6670.249666666667,29.75266666666721,4806.1,20.300000000000182
139,1978-09-01,23745,102.540001,-0.75,6.0,0.09999999999999964,73.7,0.29999999999999716,6700.002333333333,29.7526666666663,4807.5,1.3999999999996362
140,1978-10-01,23746,93.150002,-9.389999000000003,5.8,-0.20000000000000018,74.3,0.5999999999999943,6729.755,29.75266666666721,4820.5,13.0
141,1978-11-01,23747,94.699997,1.5499949999999956,5.9,0.10000000000000053,74.8,0.5,6733.7880000000005,4.0330000000003565,4824.8,4.300000000000182
142,1978-12-01,23748,96.110001,1.4100040000000007,6.0,0.09999999999999964,75.2,0.4000000000000057,6737.821,4.032999999999447,4848.9,24.099999999999454
143,1979-01-01,23749,99.93,3.81999900000001,5.9,-0.09999999999999964,76.5,1.2999999999999972,6741.854,4.0330000000003565,4872.3,23.400000000000546
144,1979-02-01,23750,96.279999,-3.650001000000003,5.9,0.0,77.7,1.2000000000000028,6744.2570000000005,2.4030000000002474,4892.0,19.699999999999818
145,1979-03-01,23751,101.589996,5.309996999999996,5.8,-0.10000000000000053,78.4,0.7000000000000028,6746.66,2.402999999999338,4905.1,13.100000000000364
146,1979-04-01,23752,101.760002,0.17000600000000077,5.8,0.0,78.9,0.5,6749.063,2.4030000000002474,4865.1,-40.0
147,1979-05-01,23753,99.08000200000001,-2.6799999999999926,5.6,-0.20000000000000018,79.7,0.7999999999999972,6765.775333333333,16.712333333332936,4842.5,-22.600000000000364
148,1979-06-01,23754,102.910004,3.8300019999999932,5.7,0.10000000000000053,80.0,0.29999999999999716,6782.487666666667,16.712333333333845,4829.8,-12.699999999999818
149,1979-07-01,23755,103.809998,0.8999939999999924,5.7,0.0,80.4,0.4000000000000057,6799.2,16.712333333332936,4864.8,35.0
150,1979-08-01,23756,109.32,5.510002,6.0,0.2999999999999998,80.3,-0.10000000000000853,6804.867666666667,5.667666666667174,4871.5,6.699999999999818
151,1979-09-01,23757,109.32,0.0,5.9,-0.09999999999999964,80.9,0.6000000000000085,6810.535333333333,5.667666666666264,4867.0,-4.5
152,1979-10-01,23758,101.82,-7.5,6.0,0.09999999999999964,81.5,0.5999999999999943,6816.203,5.667666666667174,4864.1,-2.899999999999636
153,1979-11-01,23759,106.160004,4.3400040000000075,5.9,-0.09999999999999964,82.1,0.5999999999999943,6823.349,7.145999999999731,4877.3,13.199999999999818
154,1979-12-01,23760,107.940002,1.7799980000000062,6.0,0.09999999999999964,82.8,0.7000000000000028,6830.495,7.145999999999731,4887.0,9.699999999999818
155,1980-01-01,23761,114.160004,6.220001999999994,6.3,0.2999999999999998,83.3,0.5,6837.641,7.145999999999731,4920.8,33.80000000000018
156,1980-02-01,23762,113.660004,-0.5,6.3,0.0,83.4,0.10000000000000853,6790.678333333333,-46.96266666666634,4894.4,-26.400000000000546
157,1980-03-01,23763,102.089996,-11.570008000000001,6.3,0.0,84.1,0.6999999999999886,6743.715666666667,-46.96266666666634,4863.7,-30.699999999999818
158,1980-04-01,23764,106.290001,4.200005000000004,6.9,0.6000000000000005,84.6,0.5,6696.753000000001,-46.96266666666634,4858.4,-5.300000000000182
159,1980-05-01,23765,111.239998,4.949996999999996,7.5,0.5999999999999996,85.2,0.6000000000000085,6694.1,-2.6530000000002474,4840.6,-17.799999999999272
160,1980-06-01,23766,114.239998,3.0,7.6,0.09999999999999964,85.7,0.5,6691.447,-2.6530000000002474,4851.2,10.599999999999454
161,1980-07-01,23767,121.66999799999999,7.429999999999993,7.8,0.20000000000000018,86.5,0.7999999999999972,6688.794,-2.6530000000002474,4893.9,42.69999999999982
162,1980-08-01,23768,122.379997,0.7099990000000105,7.7,-0.09999999999999964,87.9,1.4000000000000057,6730.374333333333,41.58033333333333,4899.2,5.300000000000182
163,1980-09-01,23769,125.459999,3.0800019999999932,7.5,-0.20000000000000018,88.9,1.0,6771.9546666666665,41.58033333333333,4920.4,21.199999999999818
164,1980-10-01,23770,127.470001,2.010002,7.5,0.0,89.6,0.6999999999999886,6813.535,41.58033333333333,4959.2,38.80000000000018
165,1980-11-01,23771,140.520004,13.050003000000004,7.5,0.0,90.6,1.0,6858.037333333333,44.5023333333329,4966.8,7.600000000000364
166,1980-12-01,23772,135.759995,-4.760008999999997,7.2,-0.2999999999999998,91.2,0.6000000000000085,6902.539666666667,44.50233333333381,4990.0,23.199999999999818
167,1981-01-01,23773,129.550003,-6.209992,7.5,0.2999999999999998,91.5,0.29999999999999716,6947.0419999999995,44.5023333333329,4970.7,-19.300000000000182
168,1981-02-01,23774,131.270004,1.7200009999999963,7.4,-0.09999999999999964,92.0,0.5,6929.880999999999,-17.161000000000058,4955.3,-15.399999999999636
169,1981-03-01,23775,136.0,4.729996,7.4,0.0,92.5,0.5,6912.72,-17.16099999999915,4969.3,14.0
170,1981-04-01,23776,132.809998,-3.1900019999999927,7.2,-0.20000000000000018,92.6,0.09999999999999432,6895.559,-17.161000000000058,4955.4,-13.900000000000546
171,1981-05-01,23777,132.58999599999999,-0.22000200000002224,7.5,0.2999999999999998,92.7,0.10000000000000853,6923.084333333333,27.525333333333037,4965.1,9.700000000000728
172,1981-06-01,23778,131.21000700000002,-1.3799889999999664,7.5,0.0,93.1,0.3999999999999915,6950.609666666667,27.525333333333947,4992.2,27.099999999999454
173,1981-07-01,23779,130.919998,-0.29000900000002616,7.2,-0.2999999999999998,93.8,0.7000000000000028,6978.135,27.525333333333037,5070.9,78.69999999999982
174,1981-08-01,23780,122.790001,-8.129996999999989,7.4,0.20000000000000018,94.3,0.5,6952.791666666667,-25.34333333333325,5086.0,15.100000000000364
175,1981-09-01,23781,116.18,-6.610000999999997,7.6,0.1999999999999993,94.7,0.4000000000000057,6927.448333333333,-25.343333333334158,5077.3,-8.699999999999818
176,1981-10-01,23782,121.889999,5.709998999999996,7.9,0.3000000000000007,94.8,0.09999999999999432,6902.105,-25.34333333333325,5083.9,6.599999999999454
177,1981-11-01,23783,126.349998,4.459998999999996,8.3,0.40000000000000036,95.0,0.20000000000000284,6866.362666666667,-35.74233333333268,5086.9,3.0
178,1981-12-01,23784,122.550003,-3.7999949999999956,8.5,0.1999999999999993,95.2,0.20000000000000284,6830.620333333333,-35.74233333333359,5080.3,-6.599999999999454
179,1982-01-01,23785,120.400002,-2.150001000000003,8.6,0.09999999999999964,95.5,0.29999999999999716,6794.878000000001,-35.74233333333268,5086.9,6.599999999999454
180,1982-02-01,23786,113.110001,-7.290001000000004,8.9,0.3000000000000007,96.2,0.7000000000000028,6805.210666666667,10.332666666666228,5100.9,14.0
181,1982-03-01,23787,111.959999,-1.1500020000000006,9.0,0.09999999999999964,96.1,-0.10000000000000853,6815.543333333334,10.332666666667137,5100.1,-0.7999999999992724
182,1982-04-01,23788,116.440002,4.480003000000011,9.3,0.3000000000000007,96.3,0.20000000000000284,6825.876,10.332666666666228,5150.5,50.399999999999636
183,1982-05-01,23789,111.879997,-4.560005000000004,9.4,0.09999999999999964,97.1,0.7999999999999972,6817.1776666666665,-8.698333333333721,5129.0,-21.5
184,1982-06-01,23790,109.610001,-2.269996000000006,9.6,0.1999999999999993,98.0,0.9000000000000057,6808.479333333334,-8.698333333332812,5100.8,-28.199999999999818
185,1982-07-01,23791,107.089996,-2.5200049999999976,9.8,0.20000000000000107,98.1,0.09999999999999432,6799.781,-8.698333333333721,5146.9,46.099999999999454
186,1982-08-01,23792,119.510002,12.420006,9.8,0.0,97.9,-0.19999999999998863,6800.686333333333,0.9053333333331466,5154.7,7.800000000000182
187,1982-09-01,23793,120.41999799999999,0.9099959999999925,10.1,0.29999999999999893,98.0,0.09999999999999432,6801.591666666666,0.9053333333331466,5152.4,-2.300000000000182
188,1982-10-01,23794,133.720001,13.300003000000004,10.4,0.3000000000000007,98.1,0.09999999999999432,6802.496999999999,0.9053333333331466,5146.3,-6.099999999999454
189,1982-11-01,23795,138.529999,4.809998000000007,10.8,0.40000000000000036,98.2,0.10000000000000853,6832.379333333333,29.882333333333918,5166.1,19.800000000000182
190,1982-12-01,23796,140.639999,2.109999999999985,10.8,0.0,98.1,-0.10000000000000853,6862.261666666666,29.88233333333301,5190.1,24.0
191,1983-01-01,23797,145.300003,4.660004000000015,10.4,-0.40000000000000036,98.0,-0.09999999999999432,6892.144,29.882333333333918,5207.0,16.899999999999636
192,1983-02-01,23798,148.059998,2.7599950000000035,10.4,0.0,98.2,0.20000000000000284,6944.423333333333,52.27933333333294,5208.6,1.6000000000003638
193,1983-03-01,23799,152.96000700000002,4.900009000000011,10.3,-0.09999999999999964,98.8,0.5999999999999943,6996.702666666667,52.27933333333385,5233.1,24.5
194,1983-04-01,23800,164.429993,11.469985999999977,10.2,-0.10000000000000142,99.2,0.4000000000000057,7048.982,52.27933333333294,5244.2,11.099999999999454
195,1983-05-01,23801,162.389999,-2.039994000000007,10.1,-0.09999999999999964,99.5,0.29999999999999716,7095.953333333333,46.97133333333295,5254.5,10.300000000000182
196,1983-06-01,23802,167.639999,5.25,10.1,0.0,99.6,0.09999999999999432,7142.924666666667,46.97133333333386,5258.6,4.100000000000364
197,1983-07-01,23803,162.559998,-5.080000999999982,9.4,-0.6999999999999993,99.6,0.0,7189.896,46.97133333333295,5324.9,66.29999999999927
198,1983-08-01,23804,164.399994,1.839995999999985,9.5,0.09999999999999964,99.6,0.0,7239.8949999999995,49.998999999999796,5314.9,-10.0
199,1983-09-01,23805,166.070007,1.6700130000000115,9.2,-0.3000000000000007,100.0,0.4000000000000057,7289.894,49.999000000000706,5353.7,38.80000000000018
200,1983-10-01,23806,163.550003,-2.520004,8.8,-0.3999999999999986,100.3,0.29999999999999716,7339.893,49.998999999999796,5402.0,48.30000000000018
201,1983-11-01,23807,166.399994,2.8499909999999886,8.5,-0.3000000000000007,100.3,0.0,7387.719,47.82600000000002,5449.1,47.100000000000364
202,1983-12-01,23808,164.929993,-1.4700009999999963,8.3,-0.1999999999999993,100.6,0.29999999999999716,7435.545,47.82600000000002,5498.7,49.599999999999454
203,1984-01-01,23809,163.41000400000001,-1.5199889999999812,8.0,-0.3000000000000007,101.9,1.3000000000000114,7483.371,47.82600000000002,5524.3,25.600000000000364
204,1984-02-01,23810,157.059998,-6.350006000000008,7.8,-0.20000000000000018,102.5,0.5999999999999943,7526.47,43.09900000000016,5557.4,33.099999999999454
205,1984-03-01,23811,159.179993,2.1199949999999887,7.8,0.0,102.8,0.29999999999999716,7569.569,43.09900000000016,5594.2,36.80000000000018
206,1984-04-01,23812,160.050003,0.8700100000000077,7.7,-0.09999999999999964,102.8,0.0,7612.668000000001,43.09900000000016,5632.8,38.600000000000364
207,1984-05-01,23813,150.550003,-9.5,7.4,-0.2999999999999998,102.6,-0.20000000000000284,7637.131666666667,24.46366666666654,5641.5,8.699999999999818
208,1984-06-01,23814,153.179993,2.6299899999999923,7.2,-0.20000000000000018,103.0,0.4000000000000057,7661.595333333334,24.46366666666654,5679.1,37.600000000000364
209,1984-07-01,23815,150.66000400000001,-2.519988999999981,7.5,0.2999999999999998,103.2,0.20000000000000284,7686.059,24.46366666666654,5686.3,7.199999999999818
210,1984-08-01,23816,166.679993,16.01998899999998,7.5,0.0,103.8,0.5999999999999943,7707.089666666667,21.030666666666548,5725.1,38.80000000000018
211,1984-09-01,23817,166.100006,-0.5799869999999885,7.3,-0.20000000000000018,103.7,-0.09999999999999432,7728.120333333333,21.030666666666548,5765.8,40.69999999999982
212,1984-10-01,23818,166.08999599999999,-0.010010000000022501,7.4,0.10000000000000053,103.9,0.20000000000000284,7749.151,21.030666666666548,5744.2,-21.600000000000364
213,1984-11-01,23819,163.580002,-2.5099939999999776,7.2,-0.20000000000000018,104.0,0.09999999999999432,7774.183,25.032000000000153,5769.0,24.800000000000182
214,1984-12-01,23820,167.240005,3.660002999999989,7.3,0.09999999999999964,104.4,0.4000000000000057,7799.214999999999,25.031999999999243,5804.2,35.19999999999982
215,1985-01-01,23821,179.630005,12.390000000000015,7.3,0.0,104.5,0.09999999999999432,7824.246999999999,25.032000000000153,5802.3,-1.8999999999996362
216,1985-02-01,23822,181.179993,1.5499879999999848,7.2,-0.09999999999999964,105.0,0.5,7847.209999999999,22.962999999999738,5748.5,-53.80000000000018
217,1985-03-01,23823,180.66000400000001,-0.5199889999999812,7.2,0.0,105.4,0.4000000000000057,7870.173,22.963000000000648,5721.9,-26.600000000000364
218,1985-04-01,23824,179.830002,-0.8300020000000075,7.3,0.09999999999999964,105.3,-0.10000000000000853,7893.1359999999995,22.962999999999738,5816.7,94.80000000000018
219,1985-05-01,23825,189.550003,9.720000999999996,7.2,-0.09999999999999964,105.1,-0.20000000000000284,7933.315333333333,40.17933333333349,5958.5,141.80000000000018
220,1985-06-01,23826,191.850006,2.300003000000004,7.4,0.20000000000000018,105.4,0.30000000000001137,7973.4946666666665,40.17933333333349,5833.4,-125.10000000000036
221,1985-07-01,23827,190.919998,-0.930008000000015,7.4,0.0,105.4,0.0,8013.674,40.17933333333349,5845.8,12.400000000000546
222,1985-08-01,23828,188.630005,-2.2899929999999813,7.1,-0.3000000000000007,105.5,0.09999999999999432,8033.529,19.855000000000473,5841.5,-4.300000000000182
223,1985-09-01,23829,182.080002,-6.550003000000004,7.1,0.0,105.7,0.20000000000000284,8053.384,19.854999999999563,5866.4,24.899999999999636
224,1985-10-01,23830,189.820007,7.7400049999999965,7.1,0.0,105.9,0.20000000000000284,8073.2390000000005,19.855000000000473,5895.5,29.100000000000364
225,1985-11-01,23831,202.169998,12.349990999999989,7.0,-0.09999999999999964,106.5,0.5999999999999943,8098.360333333334,25.121333333333496,5904.3,8.800000000000182
226,1985-12-01,23832,211.27999900000003,9.11000100000004,7.0,0.0,107.3,0.7999999999999972,8123.481666666667,25.121333333332586,5939.5,35.19999999999982
227,1986-01-01,23833,211.77999900000003,0.5,6.7,-0.2999999999999998,107.5,0.20000000000000284,8148.603,25.121333333333496,5950.0,10.5
228,1986-02-01,23834,226.919998,15.13999899999996,7.2,0.5,107.4,-0.09999999999999432,8160.836333333334,12.233333333333576,5980.7,30.699999999999818
229,1986-03-01,23835,238.899994,11.979996,7.2,0.0,107.6,0.19999999999998863,8173.069666666667,12.233333333333576,6041.8,61.100000000000364
230,1986-04-01,23836,235.520004,-3.3799899999999923,7.1,-0.10000000000000053,107.8,0.20000000000000284,8185.303000000001,12.233333333333576,6064.9,23.099999999999454
231,1986-05-01,23837,247.350006,11.830002000000007,7.2,0.10000000000000053,108.2,0.4000000000000057,8211.415,26.11200000000008,6070.9,6.0
232,1986-06-01,23838,250.83999599999999,3.4899899999999775,7.2,0.0,108.3,0.09999999999999432,8237.527000000002,26.11200000000099,6066.5,-4.399999999999636
233,1986-07-01,23839,236.11999500000002,-14.720000999999968,7.0,-0.20000000000000018,109.1,0.7999999999999972,8263.639000000001,26.11199999999917,6098.3,31.800000000000182
234,1986-08-01,23840,252.92999300000002,16.809998000000007,6.9,-0.09999999999999964,110.0,0.9000000000000057,8278.433,14.793999999999869,6107.4,9.099999999999454
235,1986-09-01,23841,231.32000699999998,-21.60998600000005,7.0,0.09999999999999964,110.1,0.09999999999999432,8293.227,14.793999999999869,6113.0,5.600000000000364
236,1986-10-01,23842,243.979996,12.659989000000024,7.0,0.0,110.4,0.30000000000001137,8308.021,14.793999999999869,6109.3,-3.699999999999818
237,1986-11-01,23843,249.22000099999997,5.240004999999968,6.9,-0.09999999999999964,111.0,0.5999999999999943,8328.657333333334,20.636333333333823,6113.2,3.899999999999636
238,1986-12-01,23844,242.169998,-7.050002999999975,6.6,-0.3000000000000007,111.3,0.29999999999999716,8349.293666666666,20.636333333332004,6123.9,10.699999999999818
239,1987-01-01,23845,274.079987,31.909989000000024,6.6,0.0,111.9,0.6000000000000085,8369.93,20.636333333333823,6147.5,23.600000000000364
240,1987-02-01,23846,284.200012,10.120024999999998,6.6,0.0,112.2,0.29999999999999716,8400.031,30.101000000000568,6180.1,32.600000000000364
241,1987-03-01,23847,291.700012,7.5,6.6,0.0,112.4,0.20000000000000284,8430.132,30.10099999999875,6187.9,7.799999999999272
242,1987-04-01,23848,288.359985,-3.3400270000000205,6.3,-0.2999999999999998,112.6,0.19999999999998863,8460.233,30.101000000000568,5955.6,-232.29999999999927
243,1987-05-01,23849,290.100006,1.740021000000013,6.3,0.0,113.2,0.6000000000000085,8484.700333333334,24.467333333333954,6197.0,241.39999999999964
244,1987-06-01,23850,304.0,13.899993999999992,6.2,-0.09999999999999964,113.8,0.5999999999999943,8509.167666666666,24.467333333332135,6188.8,-8.199999999999818
245,1987-07-01,23851,318.660004,14.660004000000015,6.1,-0.10000000000000053,113.7,-0.09999999999999432,8533.635,24.467333333333954,6206.0,17.199999999999818
246,1987-08-01,23852,329.799988,11.13998399999997,6.0,-0.09999999999999964,113.9,0.20000000000000284,8582.477333333334,48.842333333333954,6232.1,26.100000000000364
247,1987-09-01,23853,321.829987,-7.970000999999968,5.9,-0.09999999999999964,114.4,0.5,8631.319666666666,48.842333333332135,6232.2,0.0999999999994543
248,1987-10-01,23854,251.789993,-70.03999400000001,6.0,0.09999999999999964,114.6,0.19999999999998863,8680.162,48.842333333333954,6272.3,40.100000000000364
249,1987-11-01,23855,230.30000299999998,-21.489990000000034,5.8,-0.20000000000000018,114.7,0.10000000000000853,8695.11,14.94800000000032,6296.7,24.399999999999636
250,1987-12-01,23856,247.080002,16.779999000000032,5.7,-0.09999999999999964,115.2,0.5,8710.057999999999,14.947999999998501,6353.0,56.30000000000018
251,1988-01-01,23857,257.070007,9.990004999999968,5.7,0.0,115.6,0.3999999999999915,8725.006,14.94800000000032,6366.4,13.399999999999636
252,1988-02-01,23858,267.820007,10.75,5.7,0.0,115.7,0.10000000000000853,8763.217666666666,38.21166666666613,6403.6,37.20000000000073
253,1988-03-01,23859,258.890015,-8.92999199999997,5.7,0.0,115.9,0.20000000000000284,8801.429333333333,38.21166666666795,6429.7,26.099999999999454
254,1988-04-01,23860,261.329987,2.4399720000000116,5.4,-0.2999999999999998,116.5,0.5999999999999943,8839.641,38.21166666666613,6451.8,22.100000000000364
255,1988-05-01,23861,262.160004,0.830016999999998,5.6,0.1999999999999993,116.9,0.4000000000000057,8856.905666666666,17.264666666666017,6460.8,9.0
256,1988-06-01,23862,273.5,11.339995999999985,5.4,-0.1999999999999993,117.6,0.6999999999999886,8874.170333333333,17.264666666667836,6484.8,24.0
257,1988-07-01,23863,272.019989,-1.4800109999999904,5.4,0.0,118.8,1.2000000000000028,8891.435,17.264666666666017,6511.8,27.0
258,1988-08-01,23864,261.519989,-10.5,5.6,0.1999999999999993,119.4,0.6000000000000085,8930.927666666666,39.49266666666699,6530.1,18.300000000000182
259,1988-09-01,23865,271.910004,10.390015000000005,5.4,-0.1999999999999993,120.0,0.5999999999999943,8970.420333333333,39.49266666666699,6542.7,12.599999999999454
260,1988-10-01,23866,278.97000099999997,7.059996999999953,5.4,0.0,120.3,0.29999999999999716,9009.913,39.49266666666699,6577.6,34.900000000000546
261,1988-11-01,23867,273.700012,-5.269988999999953,5.3,-0.10000000000000053,120.5,0.20000000000000284,9040.444666666666,30.531666666665842,6579.8,2.199999999999818
262,1988-12-01,23868,277.72000099999997,4.019988999999953,5.3,0.0,121.0,0.5,9070.976333333334,30.53166666666766,6612.2,32.399999999999636
263,1989-01-01,23869,297.47000099999997,19.75,5.4,0.10000000000000053,121.5,0.5,9101.508,30.531666666665842,6640.5,28.300000000000182
264,1989-02-01,23870,288.859985,-8.610015999999973,5.2,-0.20000000000000018,122.3,0.7999999999999972,9124.664333333332,23.15633333333244,6660.2,19.699999999999818
265,1989-03-01,23871,294.869995,6.0100100000000225,5.0,-0.20000000000000018,123.1,0.7999999999999972,9147.820666666667,23.15633333333426,6693.7,33.5
266,1989-04-01,23872,309.640015,14.770019999999988,5.2,0.20000000000000018,123.7,0.6000000000000085,9170.976999999999,23.15633333333244,6659.3,-34.399999999999636
267,1989-05-01,23873,320.519989,10.879974000000004,5.2,0.0,124.6,0.8999999999999915,9193.625666666667,22.64866666666785,6628.8,-30.5
268,1989-06-01,23874,317.980011,-2.539978000000019,5.3,0.09999999999999964,124.9,0.30000000000001137,9216.274333333333,22.64866666666603,6647.6,18.800000000000182
269,1989-07-01,23875,346.079987,28.099976000000026,5.2,-0.09999999999999964,125.4,0.5,9238.923,22.64866666666785,6670.9,23.299999999999272
270,1989-08-01,23876,351.450012,5.370024999999998,5.2,0.0,125.7,0.29999999999999716,9244.991333333333,6.068333333332703,6688.6,17.700000000000728
271,1989-09-01,23877,349.149994,-2.3000180000000228,5.3,0.09999999999999964,126.1,0.3999999999999915,9251.059666666668,6.068333333334522,6708.6,20.0
272,1989-10-01,23878,340.359985,-8.790008999999998,5.3,0.0,126.7,0.6000000000000085,9257.128,6.068333333332703,6741.7,33.099999999999454
273,1989-11-01,23879,345.98999,5.630004999999983,5.4,0.10000000000000053,127.2,0.5,9290.848333333333,33.720333333332746,6748.1,6.400000000000546
274,1989-12-01,23880,353.399994,7.410004000000015,5.4,0.0,127.7,0.5,9324.568666666668,33.720333333334565,6748.2,0.0999999999994543
275,1990-01-01,23881,329.079987,-24.320006999999976,5.4,0.0,129.4,1.7000000000000028,9358.289,33.720333333332746,6787.8,39.600000000000364
276,1990-02-01,23882,331.890015,2.8100279999999884,5.3,-0.10000000000000053,130.5,1.0999999999999943,9369.609666666667,11.320666666666511,6801.9,14.099999999999454
277,1990-03-01,23883,339.940002,8.049986999999987,5.2,-0.09999999999999964,130.7,0.19999999999998863,9380.930333333334,11.320666666666511,6803.6,1.7000000000007276
278,1990-04-01,23884,330.799988,-9.140014000000008,5.4,0.20000000000000018,130.6,-0.09999999999999432,9392.251,11.320666666666511,6847.3,43.69999999999982
279,1990-05-01,23885,361.230011,30.430023000000006,5.4,0.0,130.9,0.30000000000001137,9394.333666666667,2.082666666667137,6839.1,-8.199999999999818
280,1990-06-01,23886,358.019989,-3.210021999999981,5.2,-0.20000000000000018,131.8,0.9000000000000057,9396.416333333333,2.082666666665318,6848.9,9.799999999999272
281,1990-07-01,23887,356.149994,-1.8699950000000172,5.5,0.2999999999999998,132.5,0.6999999999999886,9398.499,2.082666666667137,6872.7,23.800000000000182
282,1990-08-01,23888,322.559998,-33.589995999999985,5.7,0.20000000000000018,132.9,0.4000000000000057,9369.978333333333,-28.52066666666724,6829.5,-43.19999999999982
283,1990-09-01,23889,306.049988,-16.510010000000023,5.9,0.20000000000000018,133.3,0.4000000000000057,9341.457666666667,-28.52066666666542,6826.2,-3.300000000000182
284,1990-10-01,23890,304.0,-2.049987999999985,5.9,0.0,133.8,0.5,9312.937,-28.52066666666724,6770.2,-56.0
285,1990-11-01,23891,322.22000099999997,18.220000999999968,6.2,0.2999999999999998,134.2,0.39999999999997726,9298.413666666667,-14.52333333333263,6771.9,1.699999999999818
286,1990-12-01,23892,330.22000099999997,8.0,6.3,0.09999999999999964,134.3,0.10000000000002274,9283.890333333333,-14.523333333334449,6810.8,38.900000000000546
287,1991-01-01,23893,343.929993,13.709992000000057,6.4,0.10000000000000053,135.2,0.8999999999999773,9269.367,-14.52333333333263,6791.5,-19.300000000000182
288,1991-02-01,23894,367.070007,23.14001399999995,6.6,0.1999999999999993,135.7,0.5,9293.458666666667,24.09166666666715,6800.8,9.300000000000182
289,1991-03-01,23895,375.22000099999997,8.149993999999992,6.8,0.20000000000000018,135.9,0.20000000000001705,9317.550333333333,24.091666666665333,6811.6,10.800000000000182
290,1991-04-01,23896,375.339996,0.11999500000001717,6.7,-0.09999999999999964,136.6,0.6999999999999886,9341.642,24.09166666666715,6838.3,26.699999999999818
291,1991-05-01,23897,389.829987,14.489991000000032,6.9,0.20000000000000018,137.1,0.5,9357.376333333334,15.73433333333378,6839.6,1.300000000000182
292,1991-06-01,23898,371.160004,-18.669983000000002,6.9,0.0,137.8,0.700000000000017,9373.110666666666,15.73433333333196,6875.1,35.5
293,1991-07-01,23899,387.809998,16.649993999999992,6.8,-0.10000000000000053,137.2,-0.6000000000000227,9388.845,15.73433333333378,6861.8,-13.300000000000182
294,1991-08-01,23900,395.429993,7.619995000000017,6.9,0.10000000000000053,136.8,-0.39999999999997726,9399.751666666667,10.906666666667661,6878.0,16.199999999999818
295,1991-09-01,23901,387.859985,-7.57000800000003,6.9,0.0,137.0,0.19999999999998863,9410.658333333333,10.906666666665842,6897.1,19.100000000000364
296,1991-10-01,23902,392.450012,4.5900270000000205,7.0,0.09999999999999964,136.9,-0.09999999999999432,9421.565,10.906666666667661,6907.6,10.5
297,1991-11-01,23903,375.22000099999997,-17.230011000000047,7.0,0.0,137.4,0.5,9459.158666666666,37.59366666666574,6918.8,11.199999999999818
298,1991-12-01,23904,417.089996,41.86999500000002,7.3,0.2999999999999998,137.6,0.19999999999998863,9496.752333333334,37.59366666666756,6982.1,63.30000000000018
299,1992-01-01,23905,408.77999900000003,-8.309996999999953,7.3,0.0,137.3,-0.29999999999998295,9534.346,37.59366666666574,7051.6,69.5
300,1992-02-01,23906,412.700012,3.920012999999983,7.4,0.10000000000000053,137.8,0.5,9568.807999999999,34.461999999999534,7084.0,32.399999999999636
301,1992-03-01,23907,403.690002,-9.010010000000023,7.4,0.0,138.3,0.5,9603.27,34.46200000000135,7091.7,7.699999999999818
302,1992-04-01,23908,414.950012,11.260010000000023,7.4,0.0,138.2,-0.10000000000002274,9637.732,34.461999999999534,7112.9,21.199999999999818
303,1992-05-01,23909,415.350006,0.3999939999999924,7.6,0.1999999999999993,138.1,-0.09999999999999432,9669.481,31.748999999999796,7147.1,34.20000000000073
304,1992-06-01,23910,408.140015,-7.209991000000002,7.8,0.20000000000000018,138.4,0.30000000000001137,9701.23,31.748999999999796,7177.8,30.699999999999818
305,1992-07-01,23911,424.209991,16.069975999999997,7.7,-0.09999999999999964,138.3,-0.09999999999999432,9732.979,31.748999999999796,7173.0,-4.800000000000182
306,1992-08-01,23912,414.02999900000003,-10.17999199999997,7.6,-0.10000000000000053,139.1,0.799999999999983,9766.822666666667,33.84366666666756,7198.8,25.800000000000182
307,1992-09-01,23913,417.799988,3.7699889999999527,7.6,0.0,139.7,0.5999999999999943,9800.666333333333,33.84366666666574,7165.6,-33.19999999999982
308,1992-10-01,23914,418.679993,0.8800050000000397,7.3,-0.2999999999999998,139.7,0.0,9834.51,33.84366666666756,7119.7,-45.900000000000546
309,1992-11-01,23915,431.35000599999995,12.670012999999926,7.4,0.10000000000000053,139.6,-0.09999999999999432,9839.997666666666,5.487666666665973,7130.6,10.900000000000546
310,1992-12-01,23916,435.709991,4.3599850000000515,7.4,0.0,139.6,0.0,9845.485333333334,5.487666666667792,7384.7,254.09999999999945
311,1993-01-01,23917,438.77999900000003,3.07000800000003,7.3,-0.10000000000000053,140.0,0.4000000000000057,9850.973,5.487666666665973,7223.5,-161.19999999999982
312,1993-02-01,23918,443.380005,4.600005999999951,7.1,-0.20000000000000018,140.4,0.4000000000000057,9870.097666666667,19.1246666666666,7257.7,34.19999999999982
313,1993-03-01,23919,451.670013,8.290008,7.0,-0.09999999999999964,140.4,0.0,9889.222333333333,19.1246666666666,7235.1,-22.599999999999454
314,1993-04-01,23920,440.19000199999994,-11.480011000000047,7.1,0.09999999999999964,140.8,0.4000000000000057,9908.347,19.1246666666666,7272.7,37.599999999999454
315,1993-05-01,23921,450.19000199999994,10.0,7.1,0.0,141.7,0.8999999999999773,9924.111666666666,15.764666666666017,7262.2,-10.5
316,1993-06-01,23922,450.52999900000003,0.33999700000009625,7.0,-0.09999999999999964,141.4,-0.29999999999998295,9939.876333333334,15.764666666667836,7248.8,-13.399999999999636
317,1993-07-01,23923,448.130005,-2.3999940000000493,6.9,-0.09999999999999964,141.4,0.0,9955.641,15.764666666666017,7267.1,18.300000000000182
318,1993-08-01,23924,463.55999800000006,15.429993000000081,6.8,-0.10000000000000053,141.9,0.5,10000.777,45.13600000000042,7277.7,10.599999999999454
319,1993-09-01,23925,458.92999299999997,-4.6300050000000965,6.7,-0.09999999999999964,142.1,0.19999999999998863,10045.913,45.13600000000042,7257.8,-19.899999999999636
320,1993-10-01,23926,467.829987,8.89999400000005,6.8,0.09999999999999964,142.7,0.5999999999999943,10091.049,45.13600000000042,7222.3,-35.5
321,1993-11-01,23927,461.790009,-6.039978000000019,6.6,-0.20000000000000018,143.0,0.30000000000001137,10123.684000000001,32.63500000000022,7242.4,20.099999999999454
322,1993-12-01,23928,466.450012,4.660003000000017,6.5,-0.09999999999999964,143.5,0.5,10156.319,32.6349999999984,7489.1,246.70000000000073
323,1994-01-01,23929,481.60998499999994,15.159972999999923,6.6,0.09999999999999964,143.6,0.09999999999999432,10188.954,32.63500000000022,7348.8,-140.30000000000018
324,1994-02-01,23930,467.14001500000006,-14.469969999999876,6.6,0.0,143.4,-0.19999999999998863,10234.975666666667,46.02166666666744,7362.9,14.099999999999454
325,1994-03-01,23931,445.76998899999995,-21.37002600000011,6.5,-0.09999999999999964,143.4,0.0,10280.997333333333,46.021666666665624,7387.3,24.400000000000546
326,1994-04-01,23932,450.910004,5.140015000000062,6.4,-0.09999999999999964,143.7,0.29999999999998295,10327.019,46.02166666666744,7387.6,0.3000000000001819
327,1994-05-01,23933,456.5,5.589995999999985,6.1,-0.3000000000000007,144.0,0.30000000000001137,10347.14,20.120999999999185,7472.8,85.19999999999982
328,1994-06-01,23934,444.26998899999995,-12.230011000000047,6.1,0.0,144.4,0.4000000000000057,10367.261,20.121000000001004,7461.0,-11.800000000000182
329,1994-07-01,23935,458.26000999999997,13.990021000000013,6.1,0.0,145.2,0.799999999999983,10387.382,20.120999999999185,7467.2,6.199999999999818
330,1994-08-01,23936,475.48999000000003,17.22998000000007,6.0,-0.09999999999999964,145.6,0.4000000000000057,10427.045333333333,39.66333333333387,7476.0,8.800000000000182
331,1994-09-01,23937,462.709991,-12.779999000000032,5.9,-0.09999999999999964,145.8,0.20000000000001705,10466.708666666666,39.66333333333205,7508.6,32.600000000000364
332,1994-10-01,23938,472.35000599999995,9.640014999999948,5.8,-0.10000000000000053,145.8,0.0,10506.372,39.66333333333387,7579.9,71.29999999999927
333,1994-11-01,23939,453.69000199999994,-18.660004000000015,5.6,-0.20000000000000018,146.2,0.39999999999997726,10518.795999999998,12.423999999999069,7579.7,-0.1999999999998181
334,1994-12-01,23940,459.26998899999995,5.579987000000017,5.5,-0.09999999999999964,147.2,1.0,10531.22,12.424000000000888,7614.2,34.5
335,1995-01-01,23941,470.420013,11.15002400000003,5.6,0.09999999999999964,147.2,0.0,10543.643999999998,12.423999999999069,7638.9,24.699999999999818
336,1995-02-01,23942,487.39001500000006,16.97000200000008,5.4,-0.1999999999999993,147.7,0.5,10554.129333333332,10.485333333333983,7654.3,15.400000000000546
337,1995-03-01,23943,500.709991,13.31997599999994,5.4,0.0,147.5,-0.19999999999998863,10564.614666666666,10.485333333333983,7675.4,21.099999999999454
338,1995-04-01,23944,514.710022,14.000030999999979,5.8,0.39999999999999947,148.5,1.0,10575.1,10.485333333333983,7618.8,-56.599999999999454
339,1995-05-01,23945,533.400024,18.69000200000005,5.6,-0.20000000000000018,148.7,0.19999999999998863,10605.086666666666,29.98666666666577,7695.9,77.09999999999945
340,1995-06-01,23946,544.75,11.34997599999997,5.6,0.0,148.8,0.10000000000002274,10635.073333333334,29.98666666666759,7719.0,23.100000000000364
341,1995-07-01,23947,562.0599980000001,17.309998000000064,5.7,0.10000000000000053,149.0,0.19999999999998863,10665.06,29.98666666666577,7736.3,17.300000000000182
342,1995-08-01,23948,561.880005,-0.17999300000008134,5.7,0.0,149.1,0.09999999999999432,10689.199333333334,24.139333333334434,7741.6,5.300000000000182
343,1995-09-01,23949,584.409973,22.529968000000054,5.6,-0.10000000000000053,149.6,0.5,10713.338666666667,24.139333333332615,7766.9,25.299999999999272
344,1995-10-01,23950,581.5,-2.9099730000000363,5.5,-0.09999999999999964,150.0,0.4000000000000057,10737.478000000001,24.139333333334434,7775.7,8.800000000000182
345,1995-11-01,23951,605.369995,23.869995000000017,5.6,0.09999999999999964,150.0,0.0,10764.284000000001,26.806000000000495,7797.1,21.400000000000546
346,1995-12-01,23952,615.929993,10.55999799999995,5.6,0.0,150.3,0.30000000000001137,10791.09,26.805999999998676,7807.8,10.699999999999818
347,1996-01-01,23953,636.02002,20.090027000000077,5.6,0.0,150.8,0.5,10817.896,26.806000000000495,7818.5,10.699999999999818
348,1996-02-01,23954,640.429993,4.409972999999923,5.5,-0.09999999999999964,151.2,0.39999999999997726,10878.038,60.141999999999825,7879.0,60.5
349,1996-03-01,23955,645.5,5.070007000000032,5.5,0.0,151.9,0.700000000000017,10938.18,60.141999999999825,7904.5,25.5
350,1996-04-01,23956,654.169983,8.669983000000002,5.6,0.09999999999999964,152.5,0.5999999999999943,10998.322,60.141999999999825,7857.0,-47.5
351,1996-05-01,23957,669.119995,14.950012000000015,5.6,0.0,152.4,-0.09999999999999432,11031.206666666667,32.88466666666682,7956.5,99.5
352,1996-06-01,23958,670.630005,1.5100099999999657,5.3,-0.2999999999999998,153.3,0.9000000000000057,11064.091333333334,32.88466666666682,8004.7,48.19999999999982
353,1996-07-01,23959,639.950012,-30.679992999999968,5.5,0.20000000000000018,153.8,0.5,11096.976,32.88466666666682,7983.8,-20.899999999999636
354,1996-08-01,23960,651.98999,12.03997800000002,5.1,-0.40000000000000036,154.3,0.5,11135.385666666667,38.40966666666645,8004.2,20.399999999999636
355,1996-09-01,23961,687.330017,35.340026999999964,5.2,0.10000000000000053,155.0,0.6999999999999886,11173.795333333333,38.40966666666645,8023.1,18.900000000000546
356,1996-10-01,23962,705.27002,17.940003000000047,5.2,0.0,155.9,0.9000000000000057,11212.205,38.40966666666645,8022.6,-0.5
357,1996-11-01,23963,757.02002,51.75,5.4,0.20000000000000018,156.4,0.5,11236.332333333334,24.12733333333381,8044.5,21.899999999999636
358,1996-12-01,23964,740.73999,-16.28003000000001,5.4,0.0,156.6,0.19999999999998863,11260.459666666666,24.12733333333199,8072.0,27.5
359,1997-01-01,23965,786.159973,45.419983,5.3,-0.10000000000000053,156.3,-0.29999999999998295,11284.587,24.12733333333381,8095.1,23.100000000000364
360,1997-02-01,23966,790.820007,4.660033999999996,5.2,-0.09999999999999964,156.9,0.5999999999999943,11347.103666666666,62.516666666666424,8117.7,22.599999999999454
361,1997-03-01,23967,757.119995,-33.700012000000015,5.2,0.0,157.0,0.09999999999999432,11409.620333333332,62.516666666666424,8156.2,38.5
362,1997-04-01,23968,801.340027,44.22003199999995,5.1,-0.10000000000000053,157.0,0.0,11472.136999999999,62.516666666666424,8162.4,6.199999999999818
363,1997-05-01,23969,848.2800289999999,46.940001999999936,4.9,-0.1999999999999993,157.1,0.09999999999999432,11519.97,47.83300000000054,8198.2,35.80000000000109
364,1997-06-01,23970,885.1400150000001,36.85998600000016,5.0,0.09999999999999964,157.4,0.30000000000001137,11567.803,47.83300000000054,8224.5,26.299999999999272
365,1997-07-01,23971,954.3099980000001,69.169983,4.9,-0.09999999999999964,157.7,0.29999999999998295,11615.636,47.83300000000054,8255.6,31.100000000000364
366,1997-08-01,23972,899.4699710000001,-54.840026999999964,4.8,-0.10000000000000053,158.2,0.5,11648.888333333334,33.25233333333381,8298.5,42.899999999999636
367,1997-09-01,23973,947.2800289999999,47.8100579999998,4.9,0.10000000000000053,158.4,0.20000000000001705,11682.140666666666,33.25233333333199,8320.2,21.700000000000728
368,1997-10-01,23974,914.6199949999999,-32.660033999999996,4.7,-0.20000000000000018,158.7,0.29999999999998295,11715.393,33.25233333333381,8361.4,41.19999999999891
369,1997-11-01,23975,955.400024,40.78002900000013,4.6,-0.10000000000000053,159.0,0.30000000000001137,11754.424,39.03100000000086,8415.4,54.0
370,1997-12-01,23976,970.429993,15.029968999999937,4.7,0.10000000000000053,159.2,0.19999999999998863,11793.455,39.03099999999904,8463.9,48.5
371,1998-01-01,23977,980.2800289999999,9.850035999999932,4.6,-0.10000000000000053,159.9,0.700000000000017,11832.486,39.03100000000086,8538.3,74.39999999999964
372,1998-02-01,23978,1049.339966,69.0599370000001,4.6,0.0,159.9,0.0,11869.001333333334,36.51533333333282,8592.2,53.900000000001455
373,1998-03-01,23979,1101.75,52.410033999999996,4.7,0.10000000000000053,160.1,0.19999999999998863,11905.516666666666,36.51533333333282,8641.5,49.29999999999927
374,1998-04-01,23980,1111.75,10.0,4.3,-0.40000000000000036,160.2,0.09999999999999432,11942.032,36.51533333333282,8668.8,27.299999999999272
375,1998-05-01,23981,1090.819946,-20.930053999999927,4.4,0.10000000000000053,160.7,0.5,11991.892666666667,49.860666666667385,8704.1,35.30000000000109
376,1998-06-01,23982,1133.839966,43.02001999999993,4.5,0.09999999999999964,160.6,-0.09999999999999432,12041.753333333332,49.860666666665566,8753.5,49.399999999999636
377,1998-07-01,23983,1120.670044,-13.169922000000042,4.5,0.0,161.0,0.4000000000000057,12091.614,49.860666666667385,8769.0,15.5
378,1998-08-01,23984,957.2800289999999,-163.39001500000006,4.5,0.0,161.4,0.4000000000000057,12156.742666666667,65.12866666666741,8797.3,28.299999999999272
379,1998-09-01,23985,1017.01001,59.729981000000066,4.6,0.09999999999999964,161.5,0.09999999999999432,12221.871333333333,65.1286666666656,8823.3,26.0
380,1998-10-01,23986,1098.670044,81.660034,4.5,-0.09999999999999964,162.4,0.9000000000000057,12287.0,65.12866666666741,8836.1,12.800000000001091
381,1998-11-01,23987,1163.630005,64.95996100000002,4.4,-0.09999999999999964,162.7,0.29999999999998295,12325.764333333333,38.764333333332615,8872.6,36.5
382,1998-12-01,23988,1229.22998,65.59997500000009,4.4,0.0,162.8,0.10000000000002274,12364.528666666667,38.764333333334434,8889.9,17.299999999999272
383,1999-01-01,23989,1279.640015,50.41003499999988,4.3,-0.10000000000000053,163.4,0.5999999999999943,12403.293,38.764333333332615,8923.4,33.5
384,1999-02-01,23990,1238.329956,-41.31005899999991,4.4,0.10000000000000053,163.8,0.4000000000000057,12435.093333333332,31.800333333332674,8953.2,29.80000000000109
385,1999-03-01,23991,1286.369995,48.04003899999998,4.2,-0.20000000000000018,163.7,-0.10000000000002274,12466.893666666667,31.800333333334493,8962.3,9.099999999998545
386,1999-04-01,23992,1335.180054,48.81005899999991,4.3,0.09999999999999964,163.9,0.20000000000001705,12498.694,31.800333333332674,8944.9,-17.399999999999636
387,1999-05-01,23993,1301.839966,-33.34008799999992,4.2,-0.09999999999999964,164.2,0.29999999999998295,12553.257666666666,54.563666666666904,8962.0,17.100000000000364
388,1999-06-01,23994,1372.709961,70.86999500000002,4.3,0.09999999999999964,164.1,-0.09999999999999432,12607.821333333333,54.563666666666904,8992.5,30.5
389,1999-07-01,23995,1328.719971,-43.989990000000034,4.3,0.0,164.4,0.30000000000001137,12662.385,54.563666666666904,9002.6,10.100000000000364
390,1999-08-01,23996,1320.410034,-8.30993699999999,4.2,-0.09999999999999964,164.7,0.29999999999998295,12734.121000000001,71.73600000000079,9043.0,40.399999999999636
391,1999-09-01,23997,1282.709961,-37.700072999999975,4.2,0.0,165.1,0.4000000000000057,12805.857,71.73599999999897,9037.4,-5.600000000000364
392,1999-10-01,23998,1362.930054,80.2200929999999,4.1,-0.10000000000000053,165.5,0.4000000000000057,12877.593,71.73600000000079,9094.7,57.30000000000109
393,1999-11-01,23999,1388.910034,25.97998000000007,4.1,0.0,165.8,0.30000000000001137,12893.121666666666,15.52866666666523,9160.3,65.59999999999854
394,1999-12-01,24000,1469.25,80.339966,4.0,-0.09999999999999964,166.0,0.19999999999998863,12908.650333333333,15.52866666666705,9234.7,74.40000000000146
395,2000-01-01,24001,1394.459961,-74.79003899999998,4.0,0.0,166.1,0.09999999999999432,12924.178999999998,15.52866666666523,9307.1,72.39999999999964
396,2000-02-01,24002,1366.420044,-28.03991700000006,4.1,0.09999999999999964,166.7,0.5999999999999943,13003.066666666666,78.88766666666743,9342.6,35.5
397,2000-03-01,24003,1498.579956,132.15991200000008,4.0,-0.09999999999999964,167.1,0.4000000000000057,13081.954333333331,78.88766666666561,9366.5,23.899999999999636
398,2000-04-01,24004,1452.430054,-46.14990200000011,3.8,-0.20000000000000018,167.2,0.09999999999999432,13160.841999999999,78.88766666666743,9409.8,43.29999999999927
399,2000-05-01,24005,1420.599976,-31.830077999999958,4.0,0.20000000000000018,167.8,0.6000000000000227,13166.701,5.859000000000378,9446.4,36.600000000000364
400,2000-06-01,24006,1454.599976,34.0,4.0,0.0,168.0,0.19999999999998863,13172.56,5.859000000000378,9469.6,23.200000000000728
401,2000-07-01,24007,1430.829956,-23.77001999999993,4.0,0.0,168.8,0.8000000000000114,13178.419,5.859000000000378,9516.6,47.0
402,2000-08-01,24008,1517.680054,86.85009799999989,4.1,0.09999999999999964,169.3,0.5,13205.781333333334,27.36233333333439,9568.5,51.899999999999636
403,2000-09-01,24009,1436.51001,-81.17004399999996,3.9,-0.19999999999999973,169.4,0.09999999999999432,13233.143666666667,27.362333333332572,9569.8,1.2999999999992724
404,2000-10-01,24010,1429.400024,-7.109985999999935,3.9,0.0,169.6,0.19999999999998863,13260.506000000001,27.36233333333439,9582.9,13.100000000000364
405,2000-11-01,24011,1314.949951,-114.45007299999997,3.9,0.0,169.7,0.09999999999999432,13247.900666666668,-12.605333333332965,9579.0,-3.899999999999636
406,2000-12-01,24012,1320.280029,5.330077999999958,3.9,0.0,170.5,0.8000000000000114,13235.295333333333,-12.605333333334784,9595.3,16.299999999999272
407,2001-01-01,24013,1366.01001,45.72998099999995,4.2,0.30000000000000027,170.9,0.4000000000000057,13222.69,-12.605333333332965,9651.9,56.600000000000364
408,2001-02-01,24014,1239.939941,-126.07006899999988,4.2,0.0,171.7,0.799999999999983,13248.454666666667,25.764666666666017,9668.6,16.700000000000728
409,2001-03-01,24015,1160.329956,-79.60998500000005,4.3,0.09999999999999964,172.2,0.5,13274.219333333333,25.764666666666017,9697.2,28.600000000000364
410,2001-04-01,24016,1249.459961,89.13000499999998,4.4,0.10000000000000053,172.6,0.4000000000000057,13299.983999999999,25.764666666666017,9670.8,-26.400000000001455
411,2001-05-01,24017,1255.819946,6.3599850000000515,4.3,-0.10000000000000053,172.9,0.30000000000001137,13281.583999999999,-18.399999999999636,9648.1,-22.69999999999891
412,2001-06-01,24018,1224.380005,-31.43994100000009,4.5,0.20000000000000018,173.5,0.5999999999999943,13263.184,-18.399999999999636,9648.4,0.2999999999992724
413,2001-07-01,24019,1211.22998,-13.150024999999914,4.6,0.09999999999999964,174.1,0.5999999999999943,13244.784,-18.399999999999636,9790.7,142.3000000000011
414,2001-08-01,24020,1133.579956,-77.65002400000003,4.9,0.3000000000000007,174.5,0.4000000000000057,13256.809,12.024999999999636,9958.9,168.1999999999989
415,2001-09-01,24021,1040.939941,-92.64001499999995,5.0,0.09999999999999964,174.7,0.19999999999998863,13268.833999999999,12.024999999999636,9886.2,-72.69999999999891
416,2001-10-01,24022,1059.780029,18.840087999999923,5.3,0.2999999999999998,175.3,0.6000000000000227,13280.858999999999,12.024999999999636,9732.3,-153.90000000000146
417,2001-11-01,24023,1139.449951,79.66992200000004,5.5,0.20000000000000018,175.4,0.09999999999999432,13319.573333333332,38.71433333333334,9754.3,22.0
418,2001-12-01,24024,1148.079956,8.630004999999983,5.7,0.20000000000000018,175.2,-0.20000000000001705,13358.287666666667,38.71433333333516,9774.4,20.100000000000364
419,2002-01-01,24025,1130.199951,-17.880004999999983,5.7,0.0,175.8,0.6000000000000227,13397.002,38.71433333333334,9968.4,194.0
420,2002-02-01,24026,1106.72998,-23.469970999999987,5.7,0.0,176.2,0.39999999999997726,13424.052,27.049999999999272,9976.4,8.0
421,2002-03-01,24027,1147.390015,40.66003499999988,5.7,0.0,176.6,0.4000000000000057,13451.102,27.05000000000109,9975.9,-0.5
422,2002-04-01,24028,1076.920044,-70.46997099999999,5.9,0.20000000000000018,176.9,0.30000000000001137,13478.152,27.049999999999272,10011.3,35.399999999999636
423,2002-05-01,24029,1067.140015,-9.780029000000013,5.8,-0.10000000000000053,176.4,-0.5,13498.125333333333,19.973333333333358,10044.8,33.5
424,2002-06-01,24030,989.820007,-77.32000799999992,5.8,0.0,176.5,0.09999999999999432,13518.098666666667,19.973333333333358,10067.0,22.200000000000728
425,2002-07-01,24031,911.6199949999999,-78.20001200000013,5.8,0.0,176.7,0.19999999999998863,13538.072,19.973333333333358,10035.0,-32.0
426,2002-08-01,24032,916.070007,4.450012000000129,5.7,-0.09999999999999964,176.7,0.0,13545.058666666666,6.986666666665769,10028.9,-6.100000000000364
427,2002-09-01,24033,815.280029,-100.78997800000002,5.7,0.0,177.0,0.30000000000001137,13552.045333333333,6.986666666667588,10032.9,4.0
428,2002-10-01,24034,885.76001,70.47998099999995,5.7,0.0,177.0,0.0,13559.032,6.986666666665769,10060.7,27.80000000000109
429,2002-11-01,24035,936.3099980000001,50.5499880000001,5.9,0.20000000000000018,177.5,0.5,13584.105666666666,25.073666666667123,10090.6,29.899999999999636
430,2002-12-01,24036,879.820007,-56.48999100000003,6.0,0.09999999999999964,177.7,0.19999999999998863,13609.179333333333,25.073666666667123,10124.4,33.79999999999927
431,2003-01-01,24037,855.7000119999999,-24.11999500000013,5.8,-0.20000000000000018,177.7,0.0,13634.253,25.073666666667123,10124.6,0.2000000000007276
432,2003-02-01,24038,841.150024,-14.549987999999871,5.9,0.10000000000000053,178.7,1.0,13673.349666666667,39.09666666666635,10098.3,-26.30000000000109
433,2003-03-01,24039,848.179993,7.029968999999937,5.9,0.0,179.0,0.30000000000001137,13712.446333333333,39.09666666666635,10124.0,25.700000000000728
434,2003-04-01,24040,916.919983,68.73999000000003,6.0,0.09999999999999964,179.1,0.09999999999999432,13751.543,39.09666666666635,10177.0,53.0
435,2003-05-01,24041,963.590027,46.67004399999996,6.1,0.09999999999999964,179.4,0.30000000000001137,13829.386333333334,77.84333333333416,10254.7,77.70000000000073
436,2003-06-01,24042,974.5,10.909973000000036,6.3,0.20000000000000018,180.3,0.9000000000000057,13907.229666666666,77.84333333333234,10285.0,30.299999999999272
437,2003-07-01,24043,990.3099980000001,15.809998000000064,6.2,-0.09999999999999964,180.4,0.09999999999999432,13985.073,77.84333333333416,10408.7,123.70000000000073
438,2003-08-01,24044,1008.01001,17.7000119999999,6.1,-0.10000000000000053,181.1,0.6999999999999886,14038.597,53.52399999999943,10476.8,68.09999999999854
439,2003-09-01,24045,995.9699710000001,-12.040038999999865,6.1,0.0,181.5,0.4000000000000057,14092.121000000001,53.52400000000125,10350.6,-126.19999999999891
440,2003-10-01,24046,1050.709961,54.73998999999992,6.0,-0.09999999999999964,182.2,0.6999999999999886,14145.645,53.52399999999943,10390.6,40.0
441,2003-11-01,24047,1058.199951,7.489990000000034,5.8,-0.20000000000000018,183.1,0.9000000000000057,14170.812333333333,25.167333333332863,10456.5,65.89999999999964
442,2003-12-01,24048,1111.920044,53.720092999999906,5.7,-0.09999999999999964,184.0,0.9000000000000057,14195.979666666666,25.167333333332863,10470.9,14.399999999999636
443,2004-01-01,24049,1131.130005,19.20996100000002,5.7,0.0,183.9,-0.09999999999999432,14221.146999999999,25.167333333332863,10461.0,-9.899999999999636
444,2004-02-01,24050,1144.939941,13.809936000000107,5.6,-0.10000000000000053,184.3,0.4000000000000057,14257.272333333332,36.1253333333334,10479.2,18.200000000000728
445,2004-03-01,24051,1126.209961,-18.72998000000007,5.8,0.20000000000000018,184.7,0.39999999999997726,14293.397666666668,36.12533333333522,10522.1,42.899999999999636
446,2004-04-01,24052,1107.300049,-18.909912000000077,5.6,-0.20000000000000018,185.1,0.4000000000000057,14329.523000000001,36.1253333333334,10566.2,44.100000000000364
447,2004-05-01,24053,1120.680054,13.380004999999983,5.6,0.0,186.5,1.4000000000000057,14374.676666666666,45.15366666666523,10623.7,57.5
448,2004-06-01,24054,1140.839966,20.159912000000077,5.6,0.0,186.9,0.4000000000000057,14419.830333333333,45.15366666666705,10632.7,9.0
449,2004-07-01,24055,1101.719971,-39.11999500000002,5.5,-0.09999999999999964,187.3,0.4000000000000057,14464.983999999999,45.15366666666523,10654.4,21.69999999999891
450,2004-08-01,24056,1104.23999,2.5200190000000475,5.4,-0.09999999999999964,187.5,0.19999999999998863,14513.281333333332,48.29733333333388,10685.5,31.100000000000364
451,2004-09-01,24057,1114.579956,10.339966000000004,5.4,0.0,187.4,-0.09999999999999432,14561.578666666666,48.29733333333388,10690.7,5.200000000000728
452,2004-10-01,24058,1130.199951,15.619995000000017,5.5,0.09999999999999964,188.3,0.9000000000000057,14609.876,48.29733333333388,10697.8,7.099999999998545
453,2004-11-01,24059,1173.819946,43.61999500000002,5.4,-0.09999999999999964,188.9,0.5999999999999943,14663.784666666666,53.90866666666625,10670.2,-27.599999999998545
454,2004-12-01,24060,1211.920044,38.10009799999989,5.4,0.0,188.9,0.0,14717.693333333333,53.90866666666625,11066.7,396.5
455,2005-01-01,24061,1181.27002,-30.65002400000003,5.3,-0.10000000000000053,189.1,0.19999999999998863,14771.601999999999,53.90866666666625,10669.4,-397.3000000000011
456,2005-02-01,24062,1203.599976,22.32995600000004,5.4,0.10000000000000053,189.2,0.09999999999999432,14794.328666666666,22.72666666666737,10673.8,4.399999999999636
457,2005-03-01,24063,1180.589966,-23.010009999999966,5.2,-0.20000000000000018,189.6,0.4000000000000057,14817.055333333332,22.72666666666555,10711.8,38.0
458,2005-04-01,24064,1156.849976,-23.739990000000034,5.2,0.0,190.8,1.200000000000017,14839.782,22.72666666666737,10745.9,34.100000000000364
459,2005-05-01,24065,1191.5,34.65002400000003,5.1,-0.10000000000000053,191.0,0.19999999999998863,14883.872666666666,44.09066666666695,10795.0,49.100000000000364
460,2005-06-01,24066,1191.329956,-0.17004399999996167,5.0,-0.09999999999999964,191.0,0.0,14927.963333333331,44.09066666666513,10818.5,23.5
461,2005-07-01,24067,1234.180054,42.85009799999989,5.0,0.0,191.4,0.4000000000000057,14972.053999999998,44.09066666666695,10821.3,2.7999999999992724
462,2005-08-01,24068,1220.329956,-13.850097999999889,4.9,-0.09999999999999964,191.5,0.09999999999999432,15003.568333333333,31.514333333334434,10835.1,13.800000000001091
463,2005-09-01,24069,1228.810059,8.480102999999872,5.0,0.09999999999999964,191.9,0.4000000000000057,15035.082666666665,31.514333333332615,10798.2,-36.899999999999636
464,2005-10-01,24070,1207.01001,-21.800048999999944,5.0,0.0,192.4,0.5,15066.597,31.514333333334434,10877.4,79.19999999999891
465,2005-11-01,24071,1249.47998,42.4699700000001,5.0,0.0,193.0,0.5999999999999943,15133.406666666668,66.80966666666791,10967.9,90.5
466,2005-12-01,24072,1248.290039,-1.1899410000000898,4.9,-0.09999999999999964,193.3,0.30000000000001137,15200.216333333334,66.80966666666609,11025.5,57.600000000000364
467,2006-01-01,24073,1280.079956,31.78991700000006,4.7,-0.20000000000000018,194.1,0.799999999999983,15267.026000000002,66.80966666666791,11137.0,111.5
468,2006-02-01,24074,1280.660034,0.5800779999999577,4.8,0.09999999999999964,194.2,0.09999999999999432,15278.919000000002,11.893000000000029,11176.3,39.29999999999927
469,2006-03-01,24075,1294.869995,14.209961000000021,4.7,-0.09999999999999964,194.4,0.20000000000001705,15290.812,11.89299999999821,11196.8,20.5
470,2006-04-01,24076,1310.609985,15.739990000000034,4.7,0.0,194.3,-0.09999999999999432,15302.705,11.893000000000029,11191.5,-5.299999999999272
471,2006-05-01,24077,1270.089966,-40.52001900000005,4.6,-0.10000000000000053,194.7,0.39999999999997726,15310.592666666667,7.887666666667428,11186.7,-4.799999999999272
472,2006-06-01,24078,1270.199951,0.10998500000005151,4.6,0.0,195.3,0.6000000000000227,15318.480333333333,7.887666666665609,11214.0,27.299999999999272
473,2006-07-01,24079,1276.660034,6.4600829999999405,4.7,0.10000000000000053,195.7,0.39999999999997726,15326.368,7.887666666667428,11204.8,-9.200000000000728
474,2006-08-01,24080,1303.819946,27.159912000000077,4.7,0.0,196.2,0.5,15369.888,43.52000000000044,11201.5,-3.2999999999992724
475,2006-09-01,24081,1335.849976,32.0300299999999,4.5,-0.20000000000000018,196.8,0.6000000000000227,15413.408,43.51999999999862,11272.7,71.20000000000073
476,2006-10-01,24082,1377.939941,42.08996500000012,4.4,-0.09999999999999964,197.4,0.5999999999999943,15456.928,43.52000000000044,11330.6,57.899999999999636
477,2006-11-01,24083,1400.630005,22.690063999999893,4.5,0.09999999999999964,197.4,0.0,15469.061333333333,12.133333333333212,11374.6,44.0
478,2006-12-01,24084,1418.300049,17.67004399999996,4.4,-0.09999999999999964,197.5,0.09999999999999432,15481.194666666668,12.133333333335031,11418.3,43.69999999999891
479,2007-01-01,24085,1438.23999,19.93994100000009,4.6,0.1999999999999993,198.813,1.3129999999999882,15493.328000000001,12.133333333333212,11429.1,10.800000000001091
480,2007-02-01,24086,1406.819946,-31.42004399999996,4.5,-0.09999999999999964,200.12599999999998,1.3129999999999882,15522.913666666667,29.58566666666593,11472.6,43.5
481,2007-03-01,24087,1420.859985,14.040038999999979,4.4,-0.09999999999999964,200.85299999999998,0.7270000000000039,15552.499333333333,29.58566666666593,11512.3,39.69999999999891
482,2007-04-01,24088,1482.369995,61.510009999999966,4.5,0.09999999999999964,201.392,0.5390000000000157,15582.085,29.58566666666593,11511.4,-0.8999999999996362
483,2007-05-01,24089,1530.619995,48.25,4.4,-0.09999999999999964,202.157,0.7650000000000148,15610.302666666666,28.217666666667355,11504.4,-7.0
484,2007-06-01,24090,1503.349976,-27.270019000000048,4.6,0.1999999999999993,202.977,0.8199999999999932,15638.520333333334,28.217666666667355,11486.6,-17.799999999999272
485,2007-07-01,24091,1455.27002,-48.07995600000004,4.7,0.10000000000000053,203.64,0.6629999999999825,15666.738000000001,28.217666666667355,11496.2,9.600000000000364
486,2007-08-01,24092,1473.98999,18.719970000000103,4.6,-0.10000000000000053,204.418,0.77800000000002,15698.481,31.742999999998574,11504.7,8.5
487,2007-09-01,24093,1526.75,52.760009999999966,4.7,0.10000000000000053,205.347,0.929000000000002,15730.224,31.743000000000393,11532.1,27.399999999999636
488,2007-10-01,24094,1549.380005,22.630004999999983,4.7,0.0,205.988,0.6409999999999911,15761.966999999999,31.742999999998574,11513.9,-18.200000000000728
489,2007-11-01,24095,1481.140015,-68.23999000000003,4.7,0.0,206.78900000000002,0.8010000000000161,15731.772333333332,-30.194666666666308,11500.4,-13.5
490,2007-12-01,24096,1468.359985,-12.780029999999897,5.0,0.2999999999999998,207.141,0.35199999999997544,15701.577666666666,-30.194666666666308,11542.1,41.70000000000073
491,2008-01-01,24097,1378.550049,-89.8099360000001,5.0,0.0,208.392,1.2510000000000048,15671.383,-30.194666666666308,11553.7,11.600000000000364
492,2008-02-01,24098,1330.630005,-47.92004399999996,4.9,-0.09999999999999964,209.183,0.7909999999999968,15698.358,26.975000000000364,11551.7,-2.0
493,2008-03-01,24099,1322.699951,-7.930053999999927,5.1,0.1999999999999993,209.595,0.41200000000000614,15725.333,26.975000000000364,11547.0,-4.700000000000728
494,2008-04-01,24100,1385.589966,62.89001499999995,5.0,-0.09999999999999964,211.368,1.7729999999999961,15752.308,26.975000000000364,11500.7,-46.29999999999927
495,2008-05-01,24101,1400.380005,14.790038999999979,5.4,0.40000000000000036,212.204,0.8360000000000127,15723.882666666666,-28.425333333334493,12051.9,551.1999999999989
496,2008-06-01,24102,1280.0,-120.38000499999998,5.6,0.1999999999999993,213.452,1.2479999999999905,15695.457333333334,-28.425333333332674,11733.0,-318.89999999999964
497,2008-07-01,24103,1267.380005,-12.619995000000017,5.8,0.20000000000000018,215.449,1.997000000000014,15667.032,-28.425333333334493,11548.3,-184.70000000000073
498,2008-08-01,24104,1282.829956,15.449951000000056,6.1,0.2999999999999998,216.53,1.0809999999999889,15554.030333333332,-113.001666666667,11482.4,-65.89999999999964
499,2008-09-01,24105,1166.359985,-116.46997099999999,6.1,0.0,217.74900000000002,1.2190000000000225,15441.028666666667,-113.00166666666519,11514.3,31.899999999999636
500,2008-10-01,24106,968.75,-197.60998500000005,6.5,0.40000000000000036,218.632,0.8829999999999814,15328.027,-113.001666666667,11576.8,62.5
501,2008-11-01,24107,896.23999,-72.51000999999997,6.8,0.2999999999999998,219.079,0.44700000000000273,15270.664666666667,-57.36233333333257,11664.4,87.60000000000036
502,2008-12-01,24108,903.25,7.010009999999966,7.3,0.5,219.15099999999998,0.0719999999999743,15213.302333333333,-57.36233333333439,11605.8,-58.600000000000364
503,2009-01-01,24109,825.880005,-77.36999500000002,7.8,0.5,219.32299999999998,0.17199999999999704,15155.94,-57.36233333333257,11646.8,41.0
504,2009-02-01,24110,735.090027,-90.78997800000002,8.3,0.5000000000000009,219.058,-0.26499999999998636,15148.665666666668,-7.274333333332834,11526.6,-120.19999999999891
505,2009-03-01,24111,797.869995,62.77996800000005,8.7,0.3999999999999986,218.68200000000002,-0.37599999999997635,15141.391333333333,-7.274333333334653,11523.2,-3.399999999999636
506,2009-04-01,24112,872.8099980000001,74.94000300000005,9.0,0.3000000000000007,218.372,-0.3100000000000023,15134.117,-7.274333333332834,11626.7,103.5
507,2009-05-01,24113,919.1400150000001,46.330017,9.4,0.40000000000000036,218.053,-0.3190000000000168,15152.485333333334,18.368333333333794,11819.2,192.5
508,2009-06-01,24114,919.320007,0.17999199999997018,9.5,0.09999999999999964,218.092,0.03900000000001569,15170.853666666666,18.368333333331975,11624.0,-195.20000000000073
509,2009-07-01,24115,987.4799800000001,68.15997300000004,9.5,0.0,217.725,-0.36700000000001864,15189.222,18.368333333333794,11570.1,-53.899999999999636
510,2009-08-01,24116,1020.6199949999999,33.140014999999835,9.6,0.09999999999999964,217.738,0.01300000000000523,15244.834,55.61200000000099,11540.6,-29.5
511,2009-09-01,24117,1057.079956,36.459961000000135,9.8,0.20000000000000107,217.66400000000002,-0.07399999999998386,15300.446,55.61199999999917,11562.2,21.600000000000364
512,2009-10-01,24118,1036.189941,-20.89001499999995,10.0,0.1999999999999993,217.88099999999997,0.21699999999995612,15356.058,55.61200000000099,11512.6,-49.600000000000364
513,2009-11-01,24119,1095.630005,59.44006399999989,9.9,-0.09999999999999964,218.055,0.17400000000003502,15375.753666666667,19.69566666666651,11544.2,31.600000000000364
514,2009-12-01,24120,1115.099976,19.469970999999987,9.9,0.0,218.34099999999998,0.28599999999997294,15395.449333333334,19.69566666666651,11607.5,63.29999999999927
515,2010-01-01,24121,1073.869995,-41.22998099999995,9.8,-0.09999999999999964,218.855,0.51400000000001,15415.145,19.69566666666651,11608.6,1.1000000000003638
516,2010-02-01,24122,1104.48999,30.619995000000017,9.8,0.0,218.898,0.043000000000006366,15462.522333333334,47.37733333333381,11606.4,-2.2000000000007276
517,2010-03-01,24123,1169.430054,64.9400639999999,9.9,0.09999999999999964,219.321,0.4230000000000018,15509.899666666666,47.37733333333199,11644.3,37.899999999999636
518,2010-04-01,24124,1186.689941,17.259887000000163,9.9,0.0,219.53099999999998,0.20999999999997954,15557.277,47.37733333333381,11741.3,97.0
519,2010-05-01,24125,1089.410034,-97.2799070000001,9.6,-0.3000000000000007,219.65099999999998,0.12000000000000455,15595.507,38.22999999999956,11835.7,94.40000000000146
520,2010-06-01,24126,1030.709961,-58.700072999999975,9.4,-0.1999999999999993,219.627,-0.023999999999972488,15633.737,38.22999999999956,11856.6,20.899999999999636
521,2010-07-01,24127,1101.599976,70.89001499999995,9.4,0.0,219.643,0.015999999999991132,15671.966999999999,38.22999999999956,11876.2,19.600000000000364
522,2010-08-01,24128,1049.329956,-52.27001999999993,9.5,0.09999999999999964,219.87900000000002,0.23600000000001842,15698.186333333333,26.21933333333436,11910.7,34.5
523,2010-09-01,24129,1141.199951,91.86999500000002,9.5,0.0,220.59799999999998,0.7189999999999657,15724.405666666666,26.219333333332543,11899.0,-11.700000000000728
524,2010-10-01,24130,1183.26001,42.06005899999991,9.4,-0.09999999999999964,220.91099999999997,0.3129999999999882,15750.625,26.21933333333436,11916.3,17.299999999999272
525,2010-11-01,24131,1180.550049,-2.709961000000021,9.8,0.40000000000000036,221.315,0.4040000000000248,15738.001333333334,-12.623666666666395,11942.6,26.30000000000109
526,2010-12-01,24132,1257.640015,77.089966,9.3,-0.5,221.55599999999998,0.24099999999998545,15725.377666666665,-12.623666666668214,12026.9,84.29999999999927
527,2011-01-01,24133,1286.119995,28.47998000000007,9.1,-0.20000000000000107,222.735,1.1790000000000305,15712.753999999999,-12.623666666666395,12076.4,49.5
528,2011-02-01,24134,1327.219971,41.09997599999997,9.0,-0.09999999999999964,223.734,0.9989999999999952,15750.201333333333,37.44733333333352,12106.2,29.80000000000109
529,2011-03-01,24135,1325.829956,-1.3900149999999485,9.0,0.0,225.33700000000002,1.6030000000000086,15787.648666666668,37.44733333333534,12069.3,-36.900000000001455
530,2011-04-01,24136,1363.609985,37.78002900000001,9.1,0.09999999999999964,226.18,0.8429999999999893,15825.096000000001,37.44733333333352,12047.0,-22.299999999999272
531,2011-05-01,24137,1345.199951,-18.410033999999996,9.0,-0.09999999999999964,227.045,0.8649999999999807,15823.630666666668,-1.4653333333335468,12034.6,-12.399999999999636
532,2011-06-01,24138,1320.640015,-24.559936000000107,9.1,0.09999999999999964,227.60299999999998,0.5579999999999927,15822.165333333334,-1.4653333333335468,12091.0,56.399999999999636
533,2011-07-01,24139,1292.280029,-28.359985999999935,9.0,-0.09999999999999964,228.47299999999998,0.8700000000000045,15820.7,-1.4653333333335468,12126.4,35.399999999999636
534,2011-08-01,24140,1218.890015,-73.39001400000006,9.0,0.0,229.577,1.1040000000000134,15881.835666666668,61.13566666666702,12113.1,-13.299999999999272
535,2011-09-01,24141,1131.420044,-87.46997099999999,9.0,0.0,230.56099999999998,0.9839999999999804,15942.971333333333,61.1356666666652,12091.2,-21.899999999999636
536,2011-10-01,24142,1253.300049,121.88000499999998,8.8,-0.1999999999999993,230.77599999999998,0.2150000000000034,16004.107,61.13566666666702,12112.8,21.599999999998545
537,2011-11-01,24143,1246.959961,-6.340087999999923,8.6,-0.20000000000000107,230.976,0.20000000000001705,16045.877333333334,41.77033333333384,12110.5,-2.2999999999992724
538,2011-12-01,24144,1257.599976,10.640014999999948,8.5,-0.09999999999999964,231.392,0.4159999999999968,16087.647666666666,41.77033333333202,12220.2,109.70000000000073
539,2012-01-01,24145,1312.410034,54.810058000000026,8.3,-0.1999999999999993,232.13099999999997,0.7389999999999759,16129.418,41.77033333333384,12311.0,90.79999999999927
540,2012-02-01,24146,1365.680054,53.27001999999993,8.3,0.0,232.10299999999998,-0.027999999999991587,16152.547666666665,23.1296666666658,12385.4,74.39999999999964
541,2012-03-01,24147,1408.469971,42.78991700000006,8.2,-0.10000000000000142,232.502,0.39900000000002933,16175.677333333333,23.129666666667617,12429.3,43.899999999999636
542,2012-04-01,24148,1397.910034,-10.55993699999999,8.2,0.0,232.93400000000003,0.43200000000001637,16198.806999999999,23.1296666666658,12477.1,47.80000000000109
543,2012-05-01,24149,1310.329956,-87.58007799999996,8.2,0.0,233.127,0.19299999999998363,16206.093666666666,7.286666666666861,12487.5,10.399999999999636
544,2012-06-01,24150,1362.160034,51.83007799999996,8.2,0.0,233.62400000000002,0.4970000000000141,16213.380333333333,7.286666666666861,12498.7,11.200000000000728
545,2012-07-01,24151,1379.319946,17.159912000000077,8.2,0.0,233.752,0.1279999999999859,16220.667,7.286666666666861,12410.1,-88.60000000000036
546,2012-08-01,24152,1406.579956,27.260009999999966,8.1,-0.09999999999999964,234.108,0.35599999999999454,16226.824,6.157000000001062,12362.6,-47.5
547,2012-09-01,24153,1440.670044,34.09008799999992,7.8,-0.2999999999999998,234.28599999999997,0.17799999999996885,16232.981,6.156999999999243,12422.5,59.899999999999636
548,2012-10-01,24154,1412.160034,-28.510009999999966,7.8,0.0,234.69400000000002,0.4080000000000439,16239.138,6.157000000001062,12516.4,93.89999999999964
549,2012-11-01,24155,1416.180054,4.020019999999931,7.7,-0.09999999999999964,235.1,0.4059999999999775,16287.08,47.9419999999991,12693.1,176.70000000000073
550,2012-12-01,24156,1426.189941,10.009887000000163,7.9,0.20000000000000018,235.521,0.42099999999999227,16335.022,47.94200000000092,13016.3,323.1999999999989
551,2013-01-01,24157,1498.109985,71.92004399999996,8.0,0.09999999999999964,235.86,0.33900000000002706,16382.964,47.9419999999991,12266.8,-749.5
552,2013-02-01,24158,1514.680054,16.570068999999876,7.7,-0.2999999999999998,235.903,0.042999999999977945,16389.702666666668,6.738666666667996,12205.2,-61.599999999998545
553,2013-03-01,24159,1569.189941,54.50988700000016,7.5,-0.20000000000000018,236.13,0.22700000000000387,16396.441333333332,6.738666666664358,12223.9,18.69999999999891
554,2013-04-01,24160,1597.569946,28.380004999999983,7.6,0.09999999999999964,236.574,0.4440000000000168,16403.18,6.738666666667996,12271.9,48.0
555,2013-05-01,24161,1630.73999,33.17004399999996,7.5,-0.09999999999999964,236.387,-0.18700000000001182,16446.015,42.83499999999913,12342.2,70.30000000000109
556,2013-06-01,24162,1606.280029,-24.45996100000002,7.5,0.0,236.912,0.5250000000000057,16488.850000000002,42.835000000002765,12355.0,12.799999999999272
557,2013-07-01,24163,1685.72998,79.44995100000006,7.3,-0.20000000000000018,237.13299999999998,0.22099999999997522,16531.685,42.83499999999913,12341.5,-13.5
558,2013-08-01,24164,1632.969971,-52.76000900000008,7.2,-0.09999999999999964,237.407,0.27400000000002933,16575.673,43.987999999997555,12368.7,27.200000000000728
559,2013-09-01,24165,1681.550049,48.58007799999996,7.2,0.0,237.46400000000003,0.05700000000001637,16619.661,43.98800000000119,12418.7,50.0
560,2013-10-01,24166,1756.540039,74.98999000000003,7.2,0.0,237.69299999999998,0.22899999999995657,16663.648999999998,43.987999999997555,12386.0,-32.70000000000073
561,2013-11-01,24167,1805.810059,49.27001999999993,6.9,-0.2999999999999998,237.895,0.2020000000000266,16649.664666666664,-13.98433333333378,12425.3,39.29999999999927
562,2013-12-01,24168,1848.359985,42.54992600000014,6.7,-0.20000000000000018,238.13299999999998,0.23799999999997112,16635.680333333334,-13.984333333330142,12464.3,39.0
563,2014-01-01,24169,1782.589966,-65.77001900000005,6.6,-0.10000000000000053,238.417,0.28400000000002024,16621.696,-13.98433333333378,12532.0,67.70000000000073
564,2014-02-01,24170,1859.449951,76.85998500000005,6.7,0.10000000000000053,239.247,0.8300000000000125,16691.167666666668,69.47166666666817,12618.0,86.0
565,2014-03-01,24171,1872.339966,12.890014999999948,6.7,0.0,240.24,0.992999999999995,16760.639333333333,69.47166666666453,12693.3,75.29999999999927
566,2014-04-01,24172,1883.949951,11.609985000000052,6.2,-0.5,240.995,0.7549999999999955,16830.111,69.47166666666817,12725.5,32.20000000000073
567,2014-05-01,24173,1923.569946,39.61999500000002,6.3,0.09999999999999964,242.107,1.1119999999999948,16897.931333333334,67.82033333333311,12760.6,35.100000000000364
568,2014-06-01,24174,1960.22998,36.660033999999996,6.1,-0.20000000000000018,242.345,0.23799999999999955,16965.751666666667,67.82033333333311,12811.7,51.100000000000364
569,2014-07-01,24175,1930.6700440000002,-29.55993599999988,6.2,0.10000000000000053,242.88299999999998,0.5379999999999825,17033.572,67.82033333333311,12854.8,43.099999999998545
570,2014-08-01,24176,2003.369995,72.69995099999983,6.1,-0.10000000000000053,243.505,0.6220000000000141,17060.363,26.791000000001077,12915.5,60.70000000000073
571,2014-09-01,24177,1972.290039,-31.07995600000004,5.9,-0.1999999999999993,244.148,0.6430000000000007,17087.154,26.79099999999744,12950.4,34.899999999999636
572,2014-10-01,24178,2018.050049,45.760009999999966,5.7,-0.20000000000000018,244.5,0.35200000000000387,17113.945,26.791000000001077,13001.2,50.80000000000109
573,2014-11-01,24179,2067.560059,49.510009999999966,5.8,0.09999999999999964,245.106,0.6059999999999945,17160.878,46.9330000000009,13055.5,54.29999999999927
574,2014-12-01,24180,2058.899902,-8.6601569999998,5.6,-0.20000000000000018,245.84,0.7340000000000089,17207.810999999998,46.932999999997264,13138.9,83.39999999999964
575,2015-01-01,24181,1994.9899899999998,-63.909912000000304,5.7,0.10000000000000053,245.757,-0.08299999999999841,17254.744,46.9330000000009,13205.4,66.5
576,2015-02-01,24182,2104.5,109.5100100000002,5.5,-0.20000000000000018,246.06599999999997,0.3089999999999691,17302.172333333332,47.428333333333285,13251.2,45.80000000000109
577,2015-03-01,24183,2067.889893,-36.61010699999997,5.4,-0.09999999999999964,245.71599999999998,-0.3499999999999943,17349.600666666665,47.428333333333285,13223.3,-27.900000000001455
578,2015-04-01,24184,2085.51001,17.620116999999937,5.4,0.0,245.62,-0.09599999999997522,17397.029,47.428333333333285,13286.9,63.600000000000364
579,2015-05-01,24185,2107.389893,21.879883000000063,5.6,0.1999999999999993,245.916,0.29599999999999227,17410.95333333333,13.92433333333247,13331.7,44.80000000000109
580,2015-06-01,24186,2063.110107,-44.27978600000006,5.3,-0.2999999999999998,246.56099999999998,0.6449999999999818,17424.877666666667,13.924333333336108,13364.8,33.099999999998545
581,2015-07-01,24187,2103.840088,40.72998099999995,5.2,-0.09999999999999964,246.75099999999998,0.18999999999999773,17438.802,13.92433333333247,13404.2,39.400000000001455
582,2015-08-01,24188,1972.180054,-131.660034,5.1,-0.10000000000000053,247.227,0.4760000000000275,17444.609666666667,5.807666666667501,13446.6,42.399999999999636
583,2015-09-01,24189,1920.030029,-52.150024999999914,5.0,-0.09999999999999964,247.947,0.7199999999999989,17450.41733333333,5.807666666663863,13470.3,23.69999999999891
584,2015-10-01,24190,2079.360107,159.33007799999996,5.0,0.0,248.28799999999998,0.34099999999997976,17456.225,5.807666666667501,13475.7,5.400000000001455
585,2015-11-01,24191,2080.409912,1.0498050000001058,5.1,0.09999999999999964,248.063,-0.22499999999999432,17478.608,22.38300000000163,13447.7,-28.0
586,2015-12-01,24192,2043.939941,-36.46997099999999,5.0,-0.09999999999999964,247.717,-0.3459999999999752,17500.990999999998,22.382999999997992,13490.7,43.0
587,2016-01-01,24193,1940.2399899999998,-103.69995100000028,4.9,-0.09999999999999964,247.858,0.14099999999999113,17523.374,22.38300000000163,13546.5,55.79999999999927
588,2016-02-01,24194,1932.22998,-8.010009999999738,4.9,0.0,248.236,0.3779999999999859,17556.411333333333,33.03733333333366,13561.7,15.200000000000728
589,2016-03-01,24195,2059.73999,127.51000999999997,5.0,0.09999999999999964,247.71599999999998,-0.5200000000000102,17589.448666666667,33.03733333333366,13578.5,16.799999999999272
590,2016-04-01,24196,2065.300049,5.56005899999991,5.0,0.0,247.951,0.23500000000001364,17622.486,33.03733333333366,13551.9,-26.600000000000364
591,2016-05-01,24197,2096.949951,31.64990200000011,4.8,-0.20000000000000018,247.68400000000003,-0.2669999999999675,17650.559,28.07300000000032,13538.2,-13.699999999998909
592,2016-06-01,24198,2098.860107,1.9101559999999154,4.9,0.10000000000000053,247.518,-0.16600000000002524,17678.632,28.07300000000032,13534.4,-3.8000000000010914
593,2016-07-01,24199,2173.600098,74.73999099999992,4.8,-0.10000000000000053,247.455,-0.06299999999998818,17706.705,28.07300000000032,13571.6,37.20000000000073
594,2016-08-01,24200,2170.949951,-2.6501469999998335,4.9,0.10000000000000053,247.46200000000002,0.007000000000005002,17732.53166666667,25.826666666667734,13583.4,11.799999999999272
595,2016-09-01,24201,2168.27002,-2.679931000000124,5.0,0.09999999999999964,247.484,0.02199999999999136,17758.358333333334,25.826666666664096,13623.7,40.30000000000109
596,2016-10-01,24202,2126.149902,-42.12011799999982,4.9,-0.09999999999999964,247.562,0.07800000000000296,17784.185,25.826666666667734,13654.5,30.799999999999272
597,2016-11-01,24203,2198.810059,72.6601569999998,4.7,-0.20000000000000018,247.437,-0.125,17810.464333333333,26.279333333332033,13688.5,34.0
598,2016-12-01,24204,2238.830078,40.02001900000005,4.7,0.0,247.421,-0.016000000000019554,17836.74366666667,26.27933333333567,13713.1,24.600000000000364
599,2017-01-01,24205,2278.8701170000004,40.040039000000434,4.7,0.0,247.737,0.3160000000000025,17863.023,26.279333333332033,13772.9,59.79999999999927
600,2017-02-01,24206,2363.639893,84.76977599999964,4.7,0.0,248.421,0.6839999999999975,17907.065333333336,44.04233333333468,13832.9,60.0
601,2017-03-01,24207,2362.719971,-0.9199220000000423,4.4,-0.2999999999999998,249.012,0.5910000000000082,17951.107666666667,44.042333333331044,13900.3,67.39999999999964
602,2017-04-01,24208,2384.199951,21.47998000000007,4.4,0.0,249.36700000000002,0.3550000000000182,17995.15,44.04233333333468,13875.3,-25.0
603,2017-05-01,24209,2411.800049,27.60009799999989,4.4,0.0,249.86599999999999,0.4989999999999668,18037.04766666667,41.89766666666765,13932.5,57.20000000000073
604,2017-06-01,24210,2423.409912,11.609863000000132,4.3,-0.10000000000000053,249.69299999999998,-0.17300000000000182,18078.945333333333,41.89766666666401,13921.6,-10.899999999999636
605,2017-07-01,24211,2470.300049,46.89013699999987,4.3,0.0,250.109,0.41600000000002524,18120.843,41.89766666666765,13961.7,40.100000000000364
606,2017-08-01,24212,2471.649902,1.3498530000001665,4.4,0.10000000000000053,250.25099999999998,0.14199999999996749,18155.148,34.30500000000029,13987.9,26.19999999999891
607,2017-09-01,24213,2519.360107,47.71020499999986,4.2,-0.20000000000000018,250.565,0.3140000000000214,18189.453,34.30500000000029,14009.2,21.30000000000109
608,2017-10-01,24214,2575.26001,55.899902999999995,4.1,-0.10000000000000053,250.84,0.2750000000000057,18223.758,34.30500000000029,14046.8,37.599999999998545
609,2017-11-01,24215,2584.840088,9.580077999999958,4.2,0.10000000000000053,250.891,0.05099999999998772,18257.159666666666,33.40166666666482,14060.8,14.0
610,2017-12-01,24216,2673.610107,88.77001900000005,4.1,-0.10000000000000053,251.31099999999998,0.4199999999999875,18290.561333333335,33.40166666666846,14090.2,29.400000000001455
611,2018-01-01,24217,2823.810059,150.19995199999994,4.1,0.0,251.763,0.4520000000000266,18323.963,33.40166666666482,14185.7,95.5
612,2018-02-01,24218,2713.830078,-109.97998099999995,4.1,0.0,251.921,0.15799999999998704,18386.500666666667,62.537666666667064,14212.5,26.799999999999272
613,2018-03-01,24219,2640.8701170000004,-72.95996099999957,4.0,-0.09999999999999964,252.22799999999998,0.30699999999998795,18449.038333333334,62.537666666667064,14261.3,48.79999999999927
614,2018-04-01,24220,2648.050049,7.179931999999553,3.9,-0.10000000000000009,252.801,0.5730000000000075,18511.576,62.537666666667064,14259.7,-1.5999999999985448
615,2018-05-01,24221,2705.27002,57.21997099999999,3.8,-0.10000000000000009,252.96099999999998,0.1599999999999966,18562.708333333336,51.13233333333483,14274.3,14.599999999998545
616,2018-06-01,24222,2718.3701170000004,13.10009700000046,4.0,0.20000000000000018,253.3,0.33900000000002706,18613.840666666667,51.13233333333119,14312.0,37.70000000000073
617,2018-07-01,24223,2816.290039,97.91992199999959,3.9,-0.10000000000000009,253.65099999999998,0.35099999999997067,18664.973,51.13233333333483,14342.0,30.0
618,2018-08-01,24224,2901.52002,85.22998099999995,3.8,-0.10000000000000009,253.828,0.17700000000002092,18698.40066666667,33.42766666666648,14386.5,44.5
619,2018-09-01,24225,2913.97998,12.459960000000137,3.7,-0.09999999999999964,254.024,0.19599999999999795,18731.828333333335,33.42766666666648,14395.9,9.399999999999636
620,2018-10-01,24226,2711.73999,-202.23999000000003,3.8,0.09999999999999964,253.956,-0.06800000000001205,18765.256,33.42766666666648,14449.4,53.5
621,2018-11-01,24227,2760.169922,48.42993200000001,3.7,-0.09999999999999964,254.46200000000002,0.5060000000000286,18814.279333333336,49.02333333333445,14490.2,40.80000000000109
622,2018-12-01,24228,2506.850098,-253.31982400000015,3.9,0.19999999999999973,255.30200000000002,0.8400000000000034,18863.302666666666,49.02333333333081,14640.3,150.09999999999854
623,2019-01-01,24229,2704.100098,197.25,4.0,0.10000000000000009,255.829,0.5269999999999868,18912.326,49.02333333333445,14617.4,-22.899999999999636
