,DATE,Apparel,QuarterID,LoanRate,Food&Beverages,Fruits&Veggie,Gas,Meats,MedicalCare,PersonalIncome,GDP,HouseholdIncome,Housing,Unemployment,SemiYearID
0,1958-01-01,0.22405,1958.0,,,8.00493,-1.12518,,1.16667,,-10.0,,0.44723,6.3,1958.0
1,1958-04-01,0.0,1958.25,,,3.07868,-0.71124,,1.31796,,2.7,,0.44524,7.366666666666667,1958.0
2,1958-07-01,-0.22355,1958.5,,,-5.19912,2.72206,,1.30081,,9.6,,0.26596,7.333333333333333,1958.5
3,1958-10-01,0.0,1958.75,,,0.0,-3.06834,,1.28411,,9.7,,0.35367,6.366666666666667,1958.5
4,1959-01-01,0.22405,1959.0,,,-1.28355,0.00000,,0.7923899999999999,,7.9,,0.35242,5.833333333333333,1959.0
5,1959-04-01,0.37258,1959.25,,,0.23640999999999998,1.72662,,0.9434,1.61369,9.3,,0.35119,5.1000000000000005,1959.0
6,1959-07-01,0.66815,1959.5,,,1.8867900000000002,0.84866,,0.93458,-0.13595,0.3,,0.26247,5.266666666666667,1959.5
7,1959-10-01,0.22124000000000002,1959.75,,,2.19907,2.80505,,0.7716,0.7105899999999999,1.1,,0.61082,5.6000000000000005,1959.5
8,1960-01-01,0.29433000000000004,1960.0,,,-0.906,-1.50068,,1.07198,1.1556600000000001,9.3,,0.26019,5.133333333333334,1960.0
9,1960-04-01,0.51357,1960.25,,,0.9142899999999999,0.13850,,0.90909,0.64612,-2.1,,0.43253,5.233333333333333,1960.0
10,1960-07-01,0.36496,1960.5,,,-0.79275,2.76625,,0.6006,0.19113,2.0,,0.17227,5.533333333333334,1960.5
11,1960-10-01,0.21818,1960.75,,,2.2831099999999998,-0.26918,,0.74627,-0.042230000000000004,-5.0,,0.51591,6.266666666666666,1960.5
12,1961-01-01,0.14514000000000002,1961.0,,,-1.2276799999999999,-0.80972,,0.74074,0.94404,2.7,,0.25663,6.8,1961.0
13,1961-04-01,-0.07246,1961.25,,,0.0,-3.53741,,0.73529,1.5197200000000002,7.0,,0.34130,7.0,1961.0
14,1961-07-01,0.36258,1961.5,,,1.80791,3.10296,,0.72993,1.33206,7.9,,0.08503,6.766666666666667,1961.5
15,1961-10-01,0.0,1961.75,,,-3.21865,-0.95759,,0.5797100000000001,1.94728,8.1,,0.50977,6.2,1961.5
16,1962-01-01,-0.07225,1962.0,,,1.37615,-0.41436,,0.72046,0.98669,7.3,,0.25359,5.633333333333333,1962.0
17,1962-04-01,0.28923000000000004,1962.25,,,2.37557,1.10957,,0.71531,1.0806200000000001,3.7,,0.33727,5.533333333333334,1962.0
18,1962-07-01,0.36049000000000003,1962.5,,,-1.7679599999999998,-0.54870,,0.56818,0.5379,5.0,,0.25210,5.566666666666667,1962.5
19,1962-10-01,0.28736,1962.75,,,0.33746,2.06897,,0.56497,0.88634,1.3,,0.33529,5.533333333333334,1962.5
20,1963-01-01,0.28653,1963.0,,,4.59641,-0.81081,,0.70225,0.86925,4.4,,0.25063,5.766666666666667,1963.0
21,1963-04-01,0.21429,1963.25,,,0.6430899999999999,-1.90736,,0.41841000000000006,0.91974,4.6,,0.08333,5.733333333333334,1963.0
22,1963-07-01,0.42766000000000004,1963.5,,,1.49095,1.52778,,0.69444,1.09415,9.1,,0.24979,5.5,1963.5
23,1963-10-01,0.42583000000000004,1963.75,,,-0.20986,-0.68399,,0.41379,1.62992,2.6,,0.41528,5.566666666666666,1963.5
24,1964-01-01,0.07067000000000001,1964.0,,,2.7339599999999997,,,0.54945,1.9558,8.7,,0.16543,5.466666666666666,1964.0
25,1964-04-01,0.21186,1964.25,,,-0.61412,,,0.54645,2.69731,4.4,,0.33031,5.199999999999999,1964.0
26,1964-07-01,0.07047,1964.5,,,0.9268799999999999,,,0.54348,1.30231,6.4,,0.16461,5.0,1964.5
27,1964-10-01,-0.07042000000000001,1964.75,,,1.53061,,,0.40541,1.1394,1.2,,0.32868,4.966666666666666,1964.5
28,1965-01-01,0.42283000000000004,1965.0,,,-2.11055,,,0.5383600000000001,1.17632,10.0,,0.16380,4.8999999999999995,1965.0
29,1965-04-01,0.42105,1965.25,,,3.49076,,,0.6693399999999999,1.12752,5.1,,0.32706,4.666666666666666,1965.0
30,1965-07-01,0.13976,1965.5,,,-3.7698400000000003,,,0.93085,2.73468,9.2,,0.16300,4.366666666666667,1965.5
31,1965-10-01,0.48849,1965.75,,,-0.51546,,,0.65876,2.0127599999999997,9.5,,0.32547,4.1000000000000005,1965.5
32,1966-01-01,0.8333299999999999,1966.0,,,1.96891,0.39683,,0.7853399999999999,0.9909399999999999,10.1,,0.40552,3.8666666666666667,1966.0
33,1966-04-01,0.82645,1966.25,,,1.62602,0.79051,,1.2987,0.26363000000000003,1.4,,0.32310,3.8333333333333335,1966.0
34,1966-07-01,0.8196700000000001,1966.5,,,0.7,1.56863,,1.79487,1.22193,3.4,,0.32206,3.766666666666667,1966.5
35,1966-10-01,1.0840100000000001,1966.75,,,0.0993,0.38610,,2.267,1.17161,3.3,,0.56180,3.7000000000000006,1966.5
36,1967-01-01,1.07239,1967.0,,,-2.77778,0.51282,,1.60099,1.5096100000000001,3.6,,0.47885,3.8333333333333335,1967.0
37,1967-04-01,0.9283799999999999,1967.25,,-0.09597,-0.91837,1.14796,-0.7901699999999999,1.57576,0.79343,0.2,,0.39714,3.8333333333333335,1967.0
38,1967-07-01,0.98555,1967.5,,1.2488,4.53141,0.50441,1.3274299999999999,1.43198,0.9506700000000001,3.8,,0.39557,3.7999999999999994,1967.5
39,1967-10-01,0.8458,1967.75,,0.7590100000000001,1.47783,-0.12547,0.0,1.7647099999999998,0.7313,3.0,,0.63042,3.9,1967.5
40,1968-01-01,1.41935,1968.0,,0.7533,3.5922300000000003,0.75377,0.17467,1.3872799999999998,1.6649599999999998,8.4,,0.54816,3.733333333333333,1968.0
41,1968-04-01,1.6539400000000002,1968.25,,1.1215,0.84349,-0.49875,1.48213,1.2542799999999998,1.6467599999999998,6.9,,0.70093,3.5666666666666664,1968.0
42,1968-07-01,1.7521900000000001,1968.5,,0.73937,-0.37175,1.12782,1.03093,1.46396,0.32005,3.1,,0.69606,3.533333333333333,1968.5
43,1968-10-01,1.41451,1968.75,,1.46789,2.23881,0.12392,2.04082,1.8867900000000002,0.7723899999999999,1.6,,0.69124,3.4,1968.5
44,1969-01-01,1.3341399999999999,1969.0,,0.45208000000000004,-1.5510899999999999,1.36139,0.9166700000000001,1.85185,0.24798,6.4,,0.76278,3.4,1969.0
45,1969-04-01,1.3165799999999999,1969.25,,1.71017,-0.27804,2.19780,3.7159400000000002,1.92513,0.9767399999999999,1.2,,0.83270,3.4333333333333336,1969.0
46,1969-07-01,1.2404,1969.5,,1.9469,1.11524,-0.23895,4.14013,1.57398,2.04109,2.7,,0.97598,3.5666666666666664,1969.5
47,1969-10-01,1.2252,1969.75,,1.82292,3.30882,-0.47904,2.14067,0.61983,0.76386,-1.9,,1.11524,3.5666666666666664,1969.5
48,1970-01-01,0.97983,1970.0,,1.61978,0.44483999999999996,-0.72202,1.7215599999999998,1.64271,1.05094,-0.6,,1.02941,4.166666666666667,1970.0
49,1970-04-01,0.7420100000000001,1970.25,,0.75503,0.62002,1.93939,-1.25092,2.12121,1.2347700000000001,0.6,,0.94614,4.766666666666667,1970.0
50,1970-07-01,0.8498600000000001,1970.5,,0.58285,-0.70423,-0.47562,-0.8196700000000001,1.7804200000000001,1.59806,3.7,,0.93727,5.166666666666667,1970.5
51,1970-10-01,1.23596,1970.75,,0.49668999999999996,0.8865200000000001,1.19474,-1.12697,1.55491,-0.24011,-4.2,,1.35714,5.833333333333333,1970.5
52,1971-01-01,0.77691,1971.0,,0.41186000000000006,-0.61511,-0.47226,-1.36778,1.62679,1.9945,11.3,,1.33897,5.933333333333334,1971.0
53,1971-04-01,0.77093,1971.25,,1.6406900000000002,5.12821,-2.01661,2.08012,1.69492,1.45504,2.2,,1.18220,5.900000000000001,1971.0
54,1971-07-01,0.38251,1971.5,,0.72639,1.17746,2.54237,0.15094000000000002,1.48148,0.52399,3.3,,0.75601,6.033333333333334,1971.5
55,1971-10-01,0.43549,1971.75,,0.88141,2.57689,0.59032,1.5825200000000001,0.18248,1.16651,0.9,,0.88677,5.933333333333334,1971.5
56,1972-01-01,0.54201,1972.0,,1.1914200000000001,-0.56726,-1.29108,3.7092,0.8196700000000001,0.45829,7.6,,0.87897,5.766666666666667,1972.0
57,1972-04-01,0.53908,1972.25,,0.54945,-1.30399,-0.47562,1.6452099999999998,0.81301,1.03783,9.4,,0.80429,5.7,1972.0
58,1972-07-01,0.10724000000000002,1972.5,0.24115999999999999,1.24902,3.88109,2.74791,2.11119,0.44803000000000004,1.94465,3.8,,0.73138,5.566666666666666,1972.5
59,1972-10-01,1.2319200000000001,1972.75,-0.24058000000000002,1.5420200000000002,3.8950699999999996,1.51163,2.75672,1.24888,4.00777,6.9,,0.85809,5.366666666666666,1972.5
60,1973-01-01,0.74074,1973.0,0.5627,3.87244,2.60138,1.03093,9.45674,0.70485,0.75864,10.3,,1.50524,4.933333333333334,1973.0
61,1973-04-01,1.47059,1973.25,-0.23981,4.75146,5.74198,4.19501,9.43627,0.9623799999999999,0.8436600000000001,4.4,,1.03159,4.933333333333334,1973.0
62,1973-07-01,0.7764,1973.5,1.44231,4.8150699999999995,2.82087,2.17628,10.19037,0.69324,0.45224,-2.1,,1.02106,4.8,1973.5
63,1973-10-01,1.2326700000000002,1973.75,0.7109,3.3954699999999995,1.30316,6.92226,-2.18496,2.58176,1.09369,3.8,,1.20025,4.766666666666667,1973.5
64,1974-01-01,1.87722,1974.0,0.54902,3.9278800000000005,5.89032,17.43028,2.12987,1.59396,-1.6554200000000001,-3.4,,1.43571,5.133333333333334,1974.0
65,1974-04-01,2.63944,1974.25,0.46802,1.6728599999999998,8.375960000000001,10.60221,-7.32452,2.8076,-0.93253,1.0,,1.10769,5.2,1974.0
66,1974-07-01,2.52305,1974.5,1.78571,1.70628,-0.94395,1.22699,-1.31723,4.0160599999999995,0.08934,-3.7,,1.21729,5.633333333333333,1974.5
67,1974-10-01,1.56176,1974.75,0.38139,4.0743,0.41691000000000006,-4.16667,4.22692,2.93436,-0.13549,-1.5,,1.44317,6.6000000000000005,1974.5
68,1975-01-01,0.60578,1975.0,0.30395,1.72712,-1.42349,0.55336,-0.80043,3.07577,-0.14765,-4.8,,1.42264,8.266666666666666,1975.0
69,1975-04-01,0.27791,1975.25,-0.68182,0.39615,0.0,3.69497,3.5503,2.69287,4.6253400000000005,2.9,,0.99357,8.866666666666667,1975.0
70,1975-07-01,0.64665,1975.5,-0.45766999999999997,2.76212,6.07702,7.42987,8.98701,2.3387700000000002,-1.45529,7.0,,1.15741,8.466666666666667,1975.5
71,1975-10-01,0.78017,1975.75,-0.68966,1.9747700000000001,-0.7941,-0.77629,2.85987,1.80055,0.78606,5.5,,1.43021,8.3,1975.5
72,1976-01-01,1.04736,1976.0,0.46296000000000004,-0.43033999999999994,-0.74328,-1.92034,-3.6608,2.4489799999999997,1.20374,9.3,,1.46644,7.733333333333334,1976.0
73,1976-04-01,0.85624,1976.25,-0.46083,-0.27011999999999997,-0.63364,0.21755,-1.924,2.3904400000000003,0.5684899999999999,3.0,,1.27849,7.566666666666667,1976.0
74,1976-07-01,1.51921,1976.5,0.46296000000000004,1.1375899999999999,0.75362,4.05210,0.39235,2.39948,0.78066,2.2,,1.31723,7.733333333333333,1976.5
75,1976-10-01,1.01232,1976.75,0.30722,0.96411,4.08516,0.13908,-2.58915,2.15326,0.6351399999999999,2.9,,1.30011,7.766666666666667,1976.5
76,1977-01-01,1.22004,1977.0,-0.8422700000000001,1.7506599999999999,4.91985,0.83333,0.35105,2.29386,0.22429000000000002,4.8,,1.76471,7.5,1977.0
77,1977-04-01,0.81791,1977.25,0.3861,2.50261,1.9494200000000002,3.09917,0.049980000000000004,2.72727,0.93826,8.0,,1.36626,7.133333333333333,1977.0
78,1977-07-01,1.36635,1977.5,-1.0,1.27162,-2.8940599999999996,0.93520,1.84815,2.18289,1.38914,7.4,,1.45153,6.8999999999999995,1977.5
79,1977-10-01,0.75821,1977.75,1.4763,1.30588,3.24641,-0.39709,0.5394800000000001,1.61663,1.91205,0.0,,1.63516,6.666666666666667,1977.5
80,1978-01-01,0.12542,1978.0,-0.91884,2.37977,3.04124,-0.13289,4.34146,1.93182,0.7862600000000001,1.3,,1.75968,6.333333333333333,1978.0
81,1978-04-01,1.7119,1978.25,1.31376,4.213080000000001,6.85343,1.26414,8.97616,2.17391,1.05879,16.4,,1.77866,6.0,1978.0
82,1978-07-01,0.6157600000000001,1978.5,1.44928,2.32342,2.48127,3.87648,2.574,2.0731,0.77615,4.1,,1.65049,6.033333333333334,1978.5
83,1978-10-01,1.01999,1978.75,0.9022600000000001,1.8619400000000002,-0.36546,2.21379,2.133,2.1913400000000003,0.6583600000000001,5.5,,1.95798,5.8999999999999995,1978.5
84,1979-01-01,0.9289200000000001,1979.0,1.2667700000000002,3.7004,3.2553900000000002,5.07426,7.371010000000001,2.35356,1.20876,0.7,,1.40515,5.866666666666667,1979.0
85,1979-04-01,1.32053,1979.25,0.4415,2.57954,-0.62167,16.25442,4.5766599999999995,2.09504,-0.8998299999999999,0.4,,1.57044,5.699999999999999,1979.0
86,1979-07-01,0.8688799999999999,1979.5,0.80586,1.2573299999999998,4.06613,16.81864,-3.4646199999999996,2.4024,0.45331000000000005,3.0,,2.27376,5.866666666666667,1979.5
87,1979-10-01,1.8011,1979.75,4.57849,1.98675,1.8892200000000001,5.89766,0.03778,2.4437900000000004,0.17188,1.0,,2.62339,5.966666666666666,1979.5
88,1980-01-01,2.5,1980.0,2.08478,1.78571,-2.57059,15.02867,1.92598,3.3874,0.34521999999999997,1.3,,1.81976,6.3,1980.0
89,1980-04-01,1.6885599999999998,1980.25,11.02791,1.874,4.28201,5.94518,-2.00074,2.67651,-0.87677,-8.0,,1.91489,7.333333333333333,1980.0
90,1980-07-01,1.21771,1980.5,-6.00858,3.05284,4.728330000000001,-0.10081,4.99055,2.0674200000000003,1.12232,-0.5,,2.33820,7.666666666666667,1980.5
91,1980-10-01,1.7499099999999999,1980.75,1.36986,3.07634,3.52475,-0.97545,4.71732,2.1576400000000002,1.37629,7.7,,2.57038,7.3999999999999995,1980.5
92,1981-01-01,0.89574,1981.0,10.29601,1.69492,2.4101,9.13723,-1.54746,2.4569,-0.13878,8.1,,1.82975,7.433333333333334,1981.0
93,1981-04-01,1.02983,1981.25,1.9836599999999998,0.8695700000000001,2.5028,2.80112,-1.2224899999999999,2.81868,0.11682000000000001,-2.9,,1.83594,7.3999999999999995,1981.0
94,1981-07-01,1.0193299999999998,1981.5,5.94966,1.58046,1.9314900000000002,-1.18074,2.82885,3.43699,2.15588,4.9,,2.07135,7.400000000000001,1981.5
95,1981-10-01,0.73069,1981.75,3.7257,0.77793,1.14408,-0.61275,0.0,2.92722,0.11093,-4.3,,2.40511,8.233333333333334,1981.5
96,1982-01-01,0.51813,1982.0,-2.34253,0.98246,4.2771300000000005,-3.20592,-0.51582,2.45965,0.24129,-6.1,,1.68807,8.833333333333334,1982.0
97,1982-04-01,0.61856,1982.25,0.74627,1.2508700000000001,-0.47458,-5.00000,3.24922,2.77569,0.6044,1.8,,1.29917,9.433333333333335,1982.0
98,1982-07-01,0.5123,1982.5,0.15872999999999998,0.8922399999999999,-1.77112,5.59839,2.04218,2.77372,0.47918,-1.5,,1.99501,9.9,1982.5
99,1982-10-01,0.16989,1982.75,-4.96566,0.13605,-0.5201100000000001,-2.73016,-1.47638,2.69886,0.31383,0.2,,1.78135,10.666666666666666,1982.5
100,1983-01-01,0.67843,1983.0,-2.8904900000000002,0.2038,-2.89299,-6.91906,-0.666,2.24758,0.9430700000000001,5.4,,1.33837,10.366666666666667,1983.0
101,1983-04-01,0.9097,1983.25,-5.15169,1.1186399999999999,4.7020800000000005,5.08415,0.53637,1.3527200000000001,0.69399,9.4,,0.94819,10.133333333333333,1983.0
102,1983-07-01,1.06845,1983.5,-1.75015,0.30171,1.5084,2.73607,-1.2004,1.43477,1.49899,8.2,,1.30829,9.366666666666665,1983.5
103,1983-10-01,-0.03304,1983.75,0.6756800000000001,0.66845,1.89125,-2.56577,-0.8437399999999999,1.4802600000000001,2.22778,8.6,,1.22517,8.533333333333333,1983.5
104,1984-01-01,0.46266,1984.0,-1.40329,1.99203,4.64037,-2.46667,4.39074,1.84765,1.99452,8.1,,1.04678,7.866666666666667,1984.0
105,1984-04-01,-0.032889999999999996,1984.25,1.17574,0.39063000000000003,-2.05892,1.60629,-0.22824,1.43221,1.66408,7.1,,1.45678,7.433333333333334,1984.0
106,1984-07-01,1.05298,1984.5,2.4464799999999998,0.74578,3.5575699999999997,-1.98453,-1.50327,1.34923,1.32009,3.9,,1.53159,7.433333333333334,1984.5
107,1984-10-01,0.65125,1984.75,-0.71642,0.5149699999999999,0.96814,0.17159,-0.53086,1.48607,0.8162,3.3,,1.50849,7.300000000000001,1984.5
108,1985-01-01,0.8735,1985.0,-2.52556,0.8325299999999999,0.897,-3.32306,0.80053,1.40329,-0.25811999999999996,3.9,1.8689,1.33127,7.233333333333333,1985.0
109,1985-04-01,0.70558,1985.25,-0.74028,0.28581,-0.4905,6.66194,-1.09199,1.6546299999999998,1.9446900000000003,3.6,,1.52765,7.3,1985.0
110,1985-07-01,0.63694,1985.5,-1.55376,0.25332,-0.30806999999999995,0.43189,-0.9702200000000001,1.71648,-0.31178,6.2,,1.59494,7.2,1985.5
111,1985-10-01,0.56962,1985.75,-1.45202,0.97915,1.0506799999999998,-1.55475,2.02703,1.65842,1.0573299999999999,3.0,,1.86611,7.033333333333334,1985.5
112,1986-01-01,-0.40906,1986.0,-0.57655,0.87582,-1.6513799999999998,-8.46774,1.45695,2.03205,1.3146,3.8,3.60315,0.98866,7.033333333333334,1986.0
113,1986-04-01,-0.5371199999999999,1986.25,-4.05928,0.55814,1.46144,-15.96916,-0.91384,1.9354799999999999,1.27862,1.8,,1.64123,7.166666666666667,1986.0
114,1986-07-01,1.27065,1986.5,-1.2760200000000002,1.51095,1.56298,-5.85408,4.64427,1.73363,0.63948,3.9,,1.24646,6.966666666666666,1986.5
115,1986-10-01,0.5959800000000001,1986.75,-3.46939,1.06318,1.5691,-3.89791,2.1718599999999997,1.81228,0.15120999999999998,2.2,,1.17515,6.833333333333333,1986.5
116,1987-01-01,1.59027,1987.0,-0.63425,1.1421700000000001,2.46583,8.64317,0.67776,1.40808,0.92171,3.0,1.1930399999999999,0.88496,6.599999999999999,1987.0
117,1987-04-01,1.41191,1987.25,-0.70922,0.92125,3.94317,5.82222,1.2545899999999999,1.5981100000000001,-0.94029,4.4,,0.49342,6.266666666666667,1987.0
118,1987-07-01,0.75666,1987.5,1.5714299999999999,0.7067100000000001,-0.22315,5.16590,1.20882,1.5214,1.7932099999999997,3.5,,1.25477,6.0,1987.5
119,1987-10-01,1.53199,1987.75,2.53165,0.7309899999999999,2.93542,-0.95847,-0.62705,1.3208,1.3481299999999998,7.0,,1.07759,5.833333333333333,1987.5
120,1988-01-01,0.2071,1988.0,-0.82305,0.78374,1.60239,-5.28226,-0.15024,1.6294799999999998,1.4676,2.1,0.82491,0.93284,5.7,1988.0
121,1988-04-01,2.0667299999999997,1988.25,-0.41494,1.09447,-0.10692,2.93742,2.40746,1.7760200000000002,1.0297,5.4,,0.55453,5.466666666666666,1988.0
122,1988-07-01,0.28926999999999997,1988.5,2.84722,2.0512799999999998,4.843459999999999,3.22581,2.93858,1.64809,0.9650799999999999,2.4,,1.18172,5.466666666666666,1988.5
123,1988-10-01,1.93251,1988.75,1.68805,1.0050299999999999,1.71006,-2.52404,-0.45675,1.59752,0.9446200000000001,5.4,,1.03815,5.333333333333333,1988.5
124,1989-01-01,0.056589999999999994,1989.0,1.0624200000000001,1.40962,0.55207,-1.02754,2.2942400000000003,1.97137,1.1371,4.1,1.72642,0.82199,5.2,1989.0
125,1989-04-01,0.73529,1989.25,2.82523,1.7170900000000002,3.21937,18.35548,2.21475,1.88723,-0.29358,3.1,,0.73885,5.233333333333333,1989.0
126,1989-07-01,-0.5895600000000001,1989.5,-1.27796,1.07181,1.6924599999999999,-3.68421,0.41141000000000005,2.10075,0.66414,3.0,,1.26454,5.233333333333333,1989.5
127,1989-10-01,1.49675,1989.75,-0.19417,1.16649,0.40418000000000004,-4.80874,0.68287,2.16814,0.84662,0.8,,1.24875,5.366666666666667,1989.5
128,1990-01-01,1.75292,1990.0,-0.9727600000000001,2.35849,7.67227,3.29124,3.22843,2.07882,0.76737,4.4,-1.27962,0.71534,5.3,1990.0
129,1990-04-01,1.80476,1990.25,0.9168299999999999,0.69124,-3.84869,3.00111,1.57687,2.33347,0.69631,1.5,,0.95518,5.333333333333333,1990.0
130,1990-07-01,0.48348,1990.5,0.32445999999999997,1.373,2.40165,11.25899,1.68176,2.42537,-0.0336,0.3,,1.43134,5.7,1990.5
131,1990-10-01,0.7751899999999999,1990.75,1.48771,0.9029299999999999,0.0,14.61364,1.7302799999999998,2.36794,-0.8549100000000001,-3.6,,1.00454,6.133333333333334,1990.5
132,1991-01-01,1.11406,1991.0,-1.7208400000000001,1.11857,2.03261,-14.95063,0.15008,2.07592,0.25058,-1.9,-2.92195,0.56832,6.6000000000000005,1991.0
133,1991-04-01,0.57712,1991.25,-1.68612,1.15536,6.4579699999999995,-1.59204,-0.44955,1.85938,0.73074,3.2,,0.84766,6.833333333333333,1991.0
134,1991-07-01,1.35629,1991.5,0.5277,-0.12150999999999999,-4.42114,0.20222,-0.32614,1.93953,0.40821,2.0,,0.86388,6.866666666666667,1991.5
135,1991-10-01,0.82347,1991.75,-2.3622,0.21898,-1.0542200000000002,-0.63909,-0.6040800000000001,1.82802,0.83152,1.4,,0.64815,7.1000000000000005,1991.5
136,1992-01-01,0.35733000000000004,1992.0,-3.2930099999999998,0.36417,0.43488000000000004,-5.14557,-1.03824,1.97838,2.01264,4.9,-0.77322,0.59798,7.366666666666667,1992.0
137,1992-04-01,0.30519,1992.25,-0.76442,0.31446999999999997,0.3031,6.06709,0.05118,1.70648,0.99165,4.4,,0.38866,7.6000000000000005,1992.0
138,1992-07-01,0.70994,1992.5,-2.38095,0.57873,0.9928799999999999,3.12921,0.51151,1.46591,0.4646,4.0,,0.47825,7.633333333333333,1992.5
139,1992-10-01,0.20140999999999998,1992.75,-2.7977,0.43155,0.6411600000000001,-0.88091,0.61069,1.53177,0.45316999999999996,4.2,,0.90662,7.366666666666667,1992.5
140,1993-01-01,0.70352,1993.0,0.1476,0.45357,-0.40348,-3.42330,1.1886700000000001,1.4743700000000002,0.37578,0.7,-0.5340699999999999,0.42677,7.133333333333333,1993.0
141,1993-04-01,-0.07485,1993.25,0.44215,0.73669,1.3859299999999999,1.36333,1.67458,1.52053,0.31037,2.3,,0.62626,7.066666666666666,1993.0
142,1993-07-01,0.0,1993.5,-1.3206200000000001,0.35386,-0.94637,-2.21923,0.31956999999999997,1.28141,0.08676,1.9,,0.51122,6.8,1993.5
143,1993-10-01,0.44943999999999995,1993.75,-1.7100400000000002,0.89328,4.14013,0.13755,0.61259,1.11732,0.6935,5.6,,0.59708,6.633333333333333,1993.5
144,1994-01-01,-0.49713999999999997,1994.0,-2.49622,0.27959,-1.01937,-4.60165,0.2679,0.9912299999999999,0.6613899999999999,3.9,1.16177,0.72543,6.566666666666666,1994.0
145,1994-04-01,0.49963,1994.25,0.54306,0.39498,-0.26777,3.59971,0.29147,1.23894,1.0063799999999998,5.5,,0.39284,6.2,1994.0
146,1994-07-01,-0.32314,1994.5,2.85494,1.0414299999999999,3.0152799999999997,7.05351,-0.21796999999999997,1.1761,0.58419,2.4,,0.73913,6.0,1994.5
147,1994-10-01,-0.84788,1994.75,1.95049,0.59551,2.60626,-1.16845,-0.6553399999999999,1.31951,1.43418,4.7,,0.66897,5.633333333333333,1994.5
148,1995-01-01,-0.32696,1995.0,3.75276,0.7286,2.24697,-3.67816,0.6352300000000001,1.1007799999999999,0.8553700000000001,1.4,3.13173,0.57878,5.466666666666666,1995.0
149,1995-04-01,-0.3785,1995.25,-0.49645,0.81374,3.3632699999999995,5.62564,0.38844,0.8587600000000001,0.28343,1.2,,0.53282,5.666666666666667,1995.0
150,1995-07-01,0.35461,1995.5,-1.3542399999999999,0.38117,-0.99834,-1.74306,0.72551,1.04911,0.91648,3.5,,0.61480,5.666666666666667,1995.5
151,1995-10-01,0.10096000000000001,1995.75,-0.28902,0.58075,-0.5975699999999999,-4.73062,1.58463,0.96299,0.58422,2.7,,0.67425,5.566666666666666,1995.5
152,1996-01-01,0.22693000000000002,1996.0,-1.2318799999999999,0.79947,0.93932,2.44828,0.96904,0.90909,0.94694,3.0,1.45421,0.66974,5.533333333333334,1996.0
153,1996-04-01,-0.57862,1996.25,-0.80704,0.94735,3.16397,11.91518,0.21066999999999997,0.75321,0.9160200000000001,6.8,,0.58212,5.5,1996.0
154,1996-07-01,-0.50607,1996.5,-1.1094700000000002,1.0694,-0.01804,-3.57895,1.96216,0.7622399999999999,0.80988,3.6,,0.78545,5.266666666666667,1996.5
155,1996-10-01,0.40692,1996.75,1.8698599999999999,1.25243,1.04655,-0.12477,2.03895,0.74193,0.53309,4.2,,0.69729,5.333333333333333,1996.5
156,1997-01-01,0.73455,1997.0,-1.17474,0.27724,-0.17857,0.28107,0.08981,0.64982,0.9524,2.6,2.05618,0.67210,5.233333333333333,1997.0
157,1997-04-01,0.42746000000000006,1997.25,2.6003,0.27648,-0.6440100000000001,-1.58829,-0.06729,0.71736,0.8867799999999999,6.8,,0.70807,5.0,1997.0
158,1997-07-01,-0.12519,1997.5,0.21723,0.59385,1.6384599999999998,1.29747,0.13468,0.47008999999999995,1.17632,5.1,,0.82362,4.866666666666666,1997.5
159,1997-10-01,-0.12534,1997.75,4.76879,0.54818,1.1160299999999999,-2.56170,-0.269,0.77981,1.47301,3.5,,0.81690,4.666666666666667,1997.5
160,1998-01-01,0.1004,1998.0,-3.03448,0.6290600000000001,3.06587,-9.90702,-0.31468,0.77378,2.10493,4.1,3.6775,0.73123,4.633333333333333,1998.0
161,1998-04-01,-0.12538,1998.25,-2.1337099999999998,0.3334,1.27486,-0.49822,-0.42841,0.97724,1.37514,3.8,,0.74554,4.3999999999999995,1998.0
162,1998-07-01,0.8536299999999999,1998.5,-2.03488,0.49843999999999994,-0.43638999999999994,-2.07439,-0.06792999999999999,0.91248,1.0074100000000001,5.1,,0.95424,4.533333333333333,1998.5
163,1998-10-01,-1.07045,1998.75,2.00297,0.82662,1.26433,-3.14098,0.02266,0.83573,0.79198,6.6,,0.94522,4.433333333333334,1998.5
164,1999-01-01,-1.18269,1999.0,-2.6181799999999997,0.61488,0.56601,-4.44947,-0.09062,0.77446,0.90343,3.8,2.4739,0.68794,4.3,1999.0
165,1999-04-01,0.61115,1999.25,-0.9708700000000001,0.26482,1.12564,18.31097,0.36280999999999997,0.8494,0.22541999999999998,3.1,,0.62630,4.266666666666667,1999.0
166,1999-07-01,-0.37965,1999.5,0.9049799999999999,0.40634000000000003,0.40923000000000004,6.33756,0.24853000000000003,0.9492,0.6825399999999999,5.3,,0.67899,4.233333333333333,1999.5
167,1999-10-01,0.02541,1999.75,1.04634,0.6272800000000001,-0.70101,3.38770,1.0142,0.90054,1.50168,7.0,,0.95541,4.066666666666666,1999.5
168,2000-01-01,-0.5842,2000.0,1.77515,0.52282,-0.2791,9.25364,1.361,1.03688,1.91526,1.5,-0.20645,1.05771,4.033333333333333,2000.0
169,2000-04-01,-0.66428,2000.25,0.9447700000000001,0.62012,-0.60915,9.35851,1.91503,1.0522200000000002,1.10507,7.5,,0.66104,3.9333333333333336,2000.0
170,2000-07-01,-0.3858,2000.5,-0.35996999999999996,0.8946299999999999,1.87179,0.91417,1.16631,1.15696,1.16184,0.5,,1.02152,4.0,2000.5
171,2000-10-01,0.05164,2000.75,1.87861,0.4532,2.3414599999999997,-1.48465,-0.02135,0.95311,0.35701,2.5,,1.20982,3.9,2000.5
172,2001-01-01,0.25806,2001.0,-2.83688,0.9807799999999999,0.04766,-3.98467,2.07132,1.32175,0.90586,-1.1,-2.21729,1.10616,4.233333333333333,2001.0
173,2001-04-01,-1.4157,2001.25,-2.91971,0.81585,1.1592799999999999,11.75845,1.31799,1.143,-0.17369,2.4,,1.07641,4.3999999999999995,2001.0
174,2001-07-01,-0.91384,2001.5,-0.37594,0.82852,0.25118,-10.30707,0.39232,1.00725,2.30777,-1.7,,1.13478,4.833333333333333,2001.5
175,2001-10-01,-0.89592,2001.75,-4.75472,0.49685,0.26621,-16.45435,0.32908000000000004,1.16746,-1.2646899999999999,1.1,,1.26014,5.5,2001.5
176,2002-01-01,-0.4786,2002.0,1.9017400000000002,0.51341,4.123069999999999,-4.09784,-0.164,1.16601,2.25454,3.5,-1.12952,1.07399,5.7,2002.0
177,2002-04-01,-0.18702,2002.25,-2.25505,0.22701,-0.58497,19.60914,0.20534000000000002,1.14068,0.67645,2.4,,0.62405,5.833333333333333,2002.0
178,2002-07-01,-0.6424,2002.5,-0.63644,0.11325,-0.31684,0.33232,-0.4918,1.23355,-0.08731,1.8,,0.68723,5.733333333333333,2002.5
179,2002-10-01,-0.64655,2002.75,-2.0016,0.33937,-0.09081,1.24206,-0.12355999999999999,1.32297,0.59442,0.6,,0.84901,5.866666666666667,2002.5
180,2003-01-01,-1.13883,2003.0,-4.41176,0.60128,0.74231,12.54089,1.2989700000000002,0.68721,0.23517,2.2,-0.12425,0.87488,5.866666666666667,2003.0
181,2003-04-01,-1.01481,2003.25,4.18803,0.6350399999999999,1.6391,-3.10078,1.4655,0.70527,1.21858,3.5,,0.55637,6.133333333333333,2003.0
182,2003-07-01,0.52646,2003.5,-1.80476,0.77951,1.76062,3.72500,1.98596,1.15215,1.69094,7.0,,0.61839,6.133333333333333,2003.5
183,2003-10-01,-0.19294,2003.75,0.0,1.16022,-0.81419,-5.08556,4.93706,1.03853,0.2622,4.7,,0.64694,5.833333333333333,2003.5
184,2004-01-01,-0.41425,2004.0,-0.75188,0.6553800000000001,0.08795,8.78619,1.0871600000000001,1.18258,0.46076000000000006,2.2,-0.3473,0.64278,5.7,2004.0
185,2004-04-01,0.58236,2004.25,-0.6734,1.01284,0.77622,16.19981,0.9456700000000001,1.16876,1.1451799999999999,3.1,,0.68657,5.599999999999999,2004.0
186,2004-07-01,-0.38599,2004.5,1.86441,0.6624899999999999,-0.20346,-2.33025,0.93681,1.0041,0.65362,3.8,,0.77704,5.433333333333334,2004.5
187,2004-10-01,-0.16607,2004.75,-1.4975,0.6937,6.88802,3.57877,-0.36396999999999996,0.96205,1.2616100000000001,4.1,,0.69237,5.433333333333334,2004.5
188,2005-01-01,0.027719999999999998,2005.0,1.43581,0.31797,-4.18256,-1.90627,0.87671,1.1117,-1.17066,4.5,1.06981,0.79700,5.3,2005.0
189,2005-04-01,-0.44346,2005.25,0.33305999999999997,0.8628299999999999,3.31295,14.33198,0.74235,1.07853,0.94962,1.9,,0.65116,5.1000000000000005,2005.0
190,2005-07-01,-0.44543,2005.5,1.41079,0.34915999999999997,0.49546,16.27125,-0.6290399999999999,0.8598399999999999,0.2942,3.6,,0.75478,4.966666666666667,2005.5
191,2005-10-01,-0.22371,2005.75,-2.20949,0.6785,0.90386,-5.48196,0.43406999999999996,1.1503700000000001,1.28241,2.6,,0.87143,4.966666666666667,2005.5
192,2006-01-01,-0.28026999999999996,2006.0,1.9246900000000002,0.6912,1.99511,-3.35106,0.41418999999999995,0.8732700000000001,1.9448900000000002,5.4,0.78057,0.75781,4.733333333333333,2006.0
193,2006-04-01,1.06802,2006.25,3.28407,0.27458,-0.69195,21.93699,0.03587,1.14757,0.245,0.9,,0.91757,4.633333333333334,2006.0
194,2006-07-01,-0.16685,2006.5,-1.43084,0.7530399999999999,3.09527,-0.64252,0.1972,0.92556,0.25839,0.6,,1.13281,4.633333333333334,2006.5
195,2006-10-01,0.0,2006.75,0.7258100000000001,0.61152,-0.051989999999999995,-20.04678,0.98408,0.7790199999999999,1.31981,3.5,,1.23803,4.433333333333334,2006.5
196,2007-01-01,0.24903000000000003,2007.0,-1.36109,1.2649,2.35995,4.38152,1.59036,1.25519,0.8513200000000001,0.9,1.3413700000000002,1.18503,4.5,2007.0
197,2007-04-01,-0.78384,2007.25,1.70455,1.1227200000000002,0.0,26.35382,2.55365,1.01427,0.25687,2.3,,0.79995,4.5,2007.0
198,2007-07-01,-0.75615,2007.5,-0.15962,1.13416,-1.1560700000000002,-5.14462,0.46903,1.36819,0.08868999999999999,2.2,,0.78518,4.666666666666667,2007.5
199,2007-10-01,0.60642,2007.75,-2.79776,1.06178,2.8020099999999997,3.92966,0.76882,1.26224,0.06776,2.5,,1.17618,4.8,2007.5
200,2008-01-01,0.06143,2008.0,-6.00329,1.16983,1.2656100000000001,5.04638,0.7338899999999999,0.9082,0.27781,-2.3,-3.56435,0.92986,5.0,2008.0
201,2008-04-01,-0.22285,2008.25,-2.5371799999999998,1.57118,2.27304,20.53699,1.06939,0.52228,1.82729,2.1,,0.67513,5.333333333333333,2008.0
202,2008-07-01,0.67819,2008.5,3.05206,1.99427,3.93091,2.68899,2.54034,0.6039100000000001,-2.0988700000000002,-2.1,,0.90327,6.0,2008.5
203,2008-10-01,-0.71855,2008.75,-0.34843,1.098,-1.38615,-39.25924,1.13999,0.70897,0.8742200000000001,-8.4,,1.00208,6.866666666666667,2008.5
204,2009-01-01,0.68525,2009.0,-3.40909,0.0306,-2.63848,-18.14707,-0.79242,0.87464,-0.4316,-4.4,-0.7002,0.68990,8.266666666666667,2009.0
205,2009-04-01,0.63452,2009.25,1.80995,-0.38748,-0.61952,22.01432,-1.4560600000000001,0.91974,1.0759,-0.6,,0.28755,9.299999999999999,2009.0
206,2009-07-01,0.13953,2009.5,-3.2,-0.21236999999999998,-0.79027,11.36139,-1.4971,0.78727,-1.13202,1.5,,-0.00964,9.633333333333335,2009.5
207,2009-10-01,-0.014130000000000002,2009.75,2.84665,0.17608,-0.32466,1.04601,-0.5184,0.83088,-0.0248,4.5,,-0.02878,9.933333333333332,2009.5
208,2010-01-01,-0.17426,2010.0,-3.3035699999999997,0.42749,1.8343,4.12655,0.9379200000000001,1.04396,0.5625399999999999,1.5,-2.61358,0.06387,9.833333333333334,2010.0
209,2010-04-01,-0.3891,2010.25,1.56971,0.26405,0.16114,3.77498,2.01454,0.79019,1.6474799999999998,3.7,,-0.04202,9.633333333333333,2010.0
210,2010-07-01,-0.39703,2010.5,-2.63636,0.199,-2.44634,-3.25968,1.22549,0.56796,0.71204,3.0,,0.07792,9.466666666666667,2010.5
211,2010-10-01,-0.09091,2010.75,2.1475299999999997,0.55475,1.11553,5.44507,1.4055,0.8134600000000001,0.56017,2.0,,0.45524,9.500000000000002,2010.5
212,2011-01-01,0.64284,2011.0,0.36563,1.2088299999999998,4.44605,13.41791,2.37629,0.6710699999999999,1.0201799999999999,-1.0,-1.52558,0.61365,9.033333333333333,2011.0
213,2011-04-01,0.9542,2011.25,3.55191,1.34295,-0.29285,16.87181,2.32957,0.8397100000000001,-0.21875,2.9,,0.22196,9.066666666666668,2011.0
214,2011-07-01,1.7771099999999997,2011.5,-5.01319,1.14317,0.9297799999999999,-4.77402,1.28764,0.69324,0.43706999999999996,-0.1,,0.59561,9.0,2011.5
215,2011-10-01,1.09925,2011.75,-4.07407,0.65828,-0.86464,-6.85614,1.27926,1.0730600000000001,0.31048000000000003,4.7,,0.98344,8.633333333333333,2011.5
216,2012-01-01,0.7825300000000001,2012.0,5.11583,0.51822,-1.83008,6.50599,1.06589,0.8620899999999999,1.8719400000000002,3.2,-0.19022,0.68382,8.266666666666667,2012.0
217,2012-04-01,0.80223,2012.25,0.45913999999999994,0.42326,1.3900700000000001,4.04865,-0.15333,0.98465,0.9093399999999999,1.7,,0.39937,8.2,2012.0
218,2012-07-01,-0.44523999999999997,2012.5,-5.21024,0.35173000000000004,0.36122,-2.16365,0.46215,1.07968,-0.71563,0.5,,0.59738,8.033333333333333,2012.5
219,2012-10-01,1.09015,2012.75,2.6036599999999996,0.45133,0.90296,-3.77647,0.55462,0.46991000000000005,2.7707900000000003,0.5,,1.01828,7.8,2012.5
220,2013-01-01,0.36907,2013.0,-4.88722,0.36551,1.47151,1.60058,0.57293,0.54842,-4.002269999999999,3.6,3.5001599999999997,0.70959,7.733333333333333,2013.0
221,2013-04-01,-0.6169399999999999,2013.25,2.17391,0.2797,-0.79856,0.99817,0.25111,0.30201999999999996,0.7445,0.5,,0.46131,7.533333333333334,2013.0
222,2013-07-01,0.39966999999999997,2013.5,-2.03095,0.30019,1.33015,-0.52000,0.8999299999999999,0.85372,0.43225,3.2,,0.70999,7.233333333333333,2013.5
223,2013-10-01,0.14647000000000002,2013.75,0.88845,0.24115,-0.74154,-7.74888,1.1739899999999999,0.40821,0.39511,3.2,,0.89700,6.933333333333334,2013.5
224,2014-01-01,-0.07783,2014.0,-1.2720200000000002,0.58608,0.3614,3.16975,1.7433299999999998,0.59454,1.52298,-1.0,-1.53331,0.76199,6.666666666666667,2014.0
225,2014-04-01,0.16466,2014.25,-4.65808,1.0507,1.99804,7.97130,3.39227,0.72464,1.2010100000000001,5.1,,0.68354,6.2,2014.0
226,2014-07-01,-0.030789999999999998,2014.5,11.53846,0.7015,-0.7388,-4.49236,1.9689,0.48261000000000004,1.1042399999999999,4.9,,0.86916,6.066666666666667,2014.5
227,2014-10-01,-0.38109,2014.75,-2.42311,0.67211,0.50968,-17.40149,1.42508,0.73598,1.22648,1.9,,1.04512,5.7,2014.5
228,2015-01-01,-0.74335,2015.0,-5.92168,0.28459,-0.98174,-20.63667,0.50985,0.49423,1.2356,3.3,5.14808,0.84633,5.533333333333334,2015.0
229,2015-04-01,-0.28563,2015.25,-1.62437,0.07566,-0.559,17.19491,-0.8439,1.00744,0.7648699999999999,3.3,,0.68269,5.433333333333334,2015.0
230,2015-07-01,0.02806,2015.5,1.13519,0.51863,0.60893,-2.34561,0.92099,0.21689,0.8446,1.0,,1.00718,5.1000000000000005,2015.5
231,2015-10-01,-0.212,2015.75,-1.4285700000000001,0.28884,1.6150200000000001,-16.46603,-1.25969,1.099,0.23065,0.4,,1.10161,5.033333333333333,2015.5
232,2016-01-01,0.23711,2016.0,3.8302300000000002,-0.03467,1.40849,-12.78470,-2.42515,0.8934200000000001,0.67452,1.5,3.13462,0.84000,4.933333333333334,2016.0
233,2016-04-01,0.011640000000000001,2016.25,-3.7886300000000004,-0.08832999999999999,-2.07021,18.93396,-1.07513,0.96736,-0.15288,2.3,,0.77915,4.9,2016.0
234,2016-07-01,0.04736,2016.5,-0.10363,-0.10119,-0.60315,-2.04318,-1.5680399999999999,1.53225,0.37956999999999996,1.9,,0.97468,4.8999999999999995,2016.5
235,2016-10-01,0.21843,2016.75,-1.97095,0.00256,-0.28334000000000004,1.27223,-0.93434,0.65704,0.6802600000000001,1.8,,1.22877,4.766666666666667,2016.5
236,2017-01-01,0.30080999999999997,2017.0,6.34921,0.37041,-0.858,4.56474,0.41677,0.41994,1.09606,1.8,1.76259,0.86480,4.6000000000000005,2017.0
237,2017-04-01,-1.0373,2017.25,0.79602,0.50405,2.5436400000000003,2.48345,0.03875,0.12019,0.53799,3.0,,0.72588,4.366666666666667,2017.0
238,2017-07-01,0.11457,2017.5,-3.6525199999999995,0.26692,-0.33216999999999997,2.16792,0.91446,0.77808,0.54973,2.8,,0.95195,4.3,2017.5
239,2017-10-01,-0.46653,2017.75,8.29918,0.28192,0.00864,2.84460,0.54695,0.3874,0.5696100000000001,2.3,,1.09438,4.133333333333334,2017.5
240,2018-01-01,1.31945,2018.0,-3.31126,0.38111999999999996,-0.22463000000000002,2.80458,0.4023,0.6076199999999999,1.0941299999999998,2.2,,0.83927,4.066666666666666,2018.0
241,2018-04-01,-0.10769000000000001,2018.25,0.8806299999999999,0.41672,0.35368,10.89002,0.41473999999999994,0.55391,0.43718,4.2,,0.70014,3.9,2018.0
242,2018-07-01,-1.2926,2018.5,-2.23084,0.32158000000000003,0.5838399999999999,0.51493,-0.50502,0.1718,0.64977,3.4,,0.94103,3.7999999999999994,2018.5
243,2018-10-01,-0.028839999999999998,2018.75,5.65476,0.29113,-0.34849,-7.20930,-0.34719,0.56943,1.05625,2.2,,1.02711,3.8000000000000003,2018.5
244,2019-01-01,0.49041,2019.0,,0.84141,1.6769,-9.71032,0.71536,0.47485,0.58743,,,0.82869,3.8666666666666667,2019.0
